English,Spanish,Where it appears
${0}/unit,${0}/unidad,"Vendors, a vendor, a linked supply's cost"
(All Sites),(todos los sitios),"Inspections, Reports, the printed report"
(arriving with templates),(llega con las plantillas),"Reports, adding or editing a report, a source that is not live yet"
(use form default),(usar la del formulario),"HR Records, a folder, a form's category"
(via {0}),(por {0}),"Forms, Submissions, the toast after auto-link"
({0} enabled),({0} habilitados),"Forms, the Jotform line at the top"
({0} new),({0} nuevos),"Forms, the Jotform line at the top"
+ Add,+ Agregar,"Settings, Dropdown Options; Settings, Site Lookups"
+ Add Document,+ Agregar documento,"HR Records, a folder; HR Records, Documents"
+ Add Other,+ Agregar otro,"HR Records, Other"
+ Add Training,+ Agregar capacitación,"HR Records, a folder; HR Records, Training"
+ Add Value,+ Agregar valor,"Settings, Dropdown Options"
+ Custom Step,+ Paso personalizado,"HR Records, Onboarding"
", resolved {0} failure record(s)",", se resolvieron {0} registro(s) de fallo","Forms, Sync Diagnostic, the toast after a retry"
", resolved {0} prior failure(s)",", se resolvieron {0} fallo(s) anterior(es)","Forms, Sync Diagnostic, the toast after a forced fetch"
48 hour reminder to the team,Recordatorio de 48 horas al equipo,"Cases, a case's window, the access log"
72 hour reminder to the team,Recordatorio de 72 horas al equipo,"Cases, a case's window, the access log"
< Prev,< Anterior,Schedule
A Speak Up report is filed,Se presenta un informe en Confianza,"Settings, Who gets told, a kind of report"
A form is submitted,Se envía un formulario,"Settings, Who gets told, a kind of report"
A problem is reported,Se informa una incidencia,"Settings, Who gets told, a kind of report"
A reason for reassignment is required,Se requiere un motivo para reasignar,"Assigned Tasks, reassigning a task"
A report name is required,El nombre del informe es obligatorio,"Reports, adding or editing a report"
A staff member is requesting to drop this shift.,Una persona solicita darse de baja de este turno.,Shift Pickup
"A staff member is requesting to drop this shift. Approve to open it for pickup, deny to keep the original assignment, or reassign directly.","Una persona solicita darse de baja de este turno. Apruebe para abrirlo a quien quiera tomarlo, deniegue para dejar la asignación original, o reasigne directamente.",Schedule
"A staff member is requesting to drop this shift. Approve to open it for pickup, or deny to keep it assigned.","Una persona solicita darse de baja de este turno. Apruebe para abrirlo a quien quiera tomarlo, o deniegue para dejarlo asignado.","Schedule, a shift with a drop request"
A supervisor completes this part at a desk. The app cannot fill it in yet.,Un supervisor completa esta parte en un escritorio. La aplicación todavía no puede completarla.,"Forms, a filed report, the supervisor section"
A supply request is made,Se hace una solicitud de suministros,"Settings, Who gets told, a kind of report"
A training name and a type are required,El nombre de la capacitación y el tipo son obligatorios,"HR Records, logging training for several people, a save with no name or no type"
A unique QR code will be generated automatically.,Se generará automáticamente un código QR único.,"Inventory, adding a supply"
A worker cannot resolve an assigned problem,Un trabajador no puede resolver una incidencia asignada,"Settings, Who gets told, a kind of report"
Add photos,Agregar fotos,"Forms, a filed report, a photos question in the supervisor section"
ADP payroll export,Exportación de nómina a ADP,"Settings, Roles and Permissions, the role reference; Settings, Roles and Permissions, a capability's name"
All,Todos,"Forms, PDF access log, the source filter, every source"
Answered,Respondida,"Forms, the form window, the review, an answer of a shape it cannot read"
API Connection,Conexión con la API,"Forms, Settings"
"Access each role has in the platform today, by area. Manage means full access, including create, edit, and remove. View means read access. Other labels describe a scoped or limited form of access. This is a reference and does not change access.","El acceso que cada rol tiene hoy en la plataforma, por área. Administrar significa acceso completo, incluidos crear, editar y quitar. Ver significa acceso de lectura. Las demás etiquetas describen un acceso acotado o limitado. Esta es una referencia y no cambia el acceso.","Settings, Roles and Permissions, the role reference"
Access log,Registro de accesos,"Cases, a case's window"
Access reference,Referencia de acceso,"Settings, the role reference, printed, the footer"
"Access reference, generated {0}","Referencia de acceso, generada el {0}","Settings, the role reference, printed"
Account Capability Diagnostic,Diagnóstico de capacidades de la cuenta,"Forms, Settings"
Account Type,Tipo de cuenta,"Forms, Settings"
Action,Acción,"Sites, the printed timeline, a column; Staff Management, the printed timeline; Forms, PDF Access Log, a column"
Actions,Acciones,"Shift Pickup; Sites, the list; Vendors, the list; Staff Management, the list"
Activate,Activar,"Settings, Dropdown Options"
Active,Activo,"Schedule, Patterns"
Active Sites,Sitios activos,"Service Catalog, a service"
Active only,Solo activas,"HR Records, Employees, the status filter, which agrees with personas"
Activity Description,Descripción de la actividad,"Sites, a record's printed page; Staff Management, a record's printed page"
Activity Timeline,Historial de actividad,"Issue Tracker, the issue window; Assigned Tasks, the task window"
Activity Timeline ({0} total),Historial de actividad ({0} en total),"Staff Management, the Timeline tab, its heading"
Activity log,Registro de actividad,"Settings, Roles and Permissions, the role reference"
Add,Agregar,"Sites, Supplies; HR Records; Vendors, a vendor's evaluations; Staff Management, the Certifications tab; Settings, Site Lookups; Settings, Who gets told; Forms, Aliases, adding an alias"
Add Alias,Agregar un alias,"Forms, Aliases"
Add Building,Agregar edificio,"Settings, Site Lookups"
Add Category,Agregar categoría,"Settings, Dropdown Options"
Add Certification,Agregar certificación,"Staff Management, Add Certification, its title and its button"
Add Custom Onboarding Step,Agregar un paso de incorporación personalizado,"HR Records, adding an onboarding step"
Add Document,Agregar documento,"HR Records, adding a document"
Add Evaluation,Agregar una evaluación,"Vendors, adding an evaluation"
Add Floor,Agregar piso,"Settings, Site Lookups"
Add Item,Agregar el elemento,"Inspections, a template, adding a line item"
Add Line Item,Agregar un elemento,"Inspections, a template"
Add New Staff,Agregar a una persona,"Staff Management, Add New Staff, its title"
Add Service,Agregar servicio,"Service Catalog; Service Catalog, adding a service"
Add Site,Agregar sitio,"Sites, the list"
Add Staff,Agregar persona,"Staff Management, the list, the button that opens Add New Staff; Staff Management, Add New Staff, its button"
Add Step,Agregar el paso,"HR Records, adding an onboarding step"
Add Supply,Agregar suministro,"Sites, Supplies; Inventory; Inventory, adding a supply"
Add Supply to Site,Agregar un suministro al sitio,"Sites, Supplies"
Add Task,Agregar tarea,"Sites, Service Details"
Add Training Record,Agregar un registro de capacitación,"HR Records, adding a training record"
Add Value,Agregar valor,"Settings, Dropdown Options; Settings, Site Lookups"
Add Value to {0},Agregar valor a {0},"Settings, Dropdown Options"
Add Vendor,Agregar proveedor,"Vendors, the list; Vendors, adding a vendor"
Add Zone,Agregar zona,"Settings, Site Lookups"
Add a note saying why,Agregue una nota explicando por qué,"Schedule, Time off, when a denial has no note"
Add a note...,Agregue una nota...,"Inventory, approving or denying a supply request"
Add a person,Agregar una persona,"Settings, Who gets told"
Add a person to {0},Agregar una persona a {0},"Settings, Who gets told, for a screen reader"
Add a photo,Agregar una foto,"Help, the camera button"
Add an email address,Agregar un correo,"Settings, Who gets told"
Add an email address to {0},Agregar un correo a {0},"Settings, Who gets told, for a screen reader"
Add failed,No se pudo agregar,"Forms, Aliases, a toast"
Add row,Agregar fila,"Forms, a filed report, a table in the supervisor section"
"Add the environment variable JOTFORM_API_KEY in Railway, then reload this page. Generate a Full Access key from jotform.com under Settings then API.","Agregue la variable de entorno JOTFORM_API_KEY en Railway y vuelva a cargar esta página. Genere una clave de acceso completo en jotform.com, en Settings y luego API.","Forms, when the API has no Jotform key"
Add {0} to your home screen,Agregue {0} a su pantalla de inicio,"The add to home screen sheet, the title"
Added,Agregado,"Settings, Site Lookups; Forms, Aliases, a column"
Added By,Agregado por,"Forms, Aliases, a column"
Adding...,Agregando...,"Forms, Aliases, while an alias is added"
Additional details about this shift...,Detalles adicionales sobre este turno...,Shift Pickup
Address,Dirección,"Sites, editing a site; Vendors, a vendor; Vendors, adding or editing a vendor; Staff Management, the Profile tab; Settings, the Company tab"
Address *,Dirección *,"Sites, adding a site"
Address Line 1,"Dirección, línea 1","Staff Management, the Profile tab, the form"
Address Line 2,"Dirección, línea 2","Staff Management, the Profile tab, the form"
Admin,Administrador,"The shell; Dashboard; Live Operations, a person's role; Sites, General Info, a person's role; HR Records, a person's role; Staff Management, the list; Cases, a case's window, the access log; Settings, Roles and Permissions, the role reference, a column"
Admin Dashboard,Panel de administración,The shell
Admin access required,Se requiere acceso de administrador,The shell
Administered By,Impartida por,"HR Records, Training; HR Records, adding a training record; HR Records, logging training for several people; HR Records, the printed attendance sheet"
Administration,Administración,"Settings, Roles and Permissions, the role reference; Settings, Roles and Permissions, by person, a group"
Administrator,Administrador,The shell
Age,Antigüedad,"Cases, the list, a column"
Alaska Time (Anchorage),Hora de Alaska (Anchorage),"Settings, the Company tab, a time zone"
Alias added.,Alias agregado.,"Forms, Aliases, a toast"
Alias value is required,El valor del alias es obligatorio,"Forms, Aliases, a toast"
Aliases,Alias,"HR Records, Compliance; Forms, a tab"
All ({0}),Todos ({0}),"HR Records, a folder, every record, which agrees with registros"
All Buildings,Todos los edificios,"Assigned Tasks, the building filter"
All Employees,Todo el personal,"HR Records, the person filter"
All Floors,Todos los pisos,"Assigned Tasks, the floor filter"
All Reasons,Todos los motivos,Shift Pickup
All Sites,Todos los sitios,"Schedule; Shift Pickup; Assigned Tasks, the site filter; Inspections, Reports"
All Staff,Todo el personal,"Assigned Tasks, the person filter"
All Status,Todos los estados,"Assigned Tasks, the state filter"
All Zones,Todas las zonas,"Assigned Tasks, the zone filter"
All actions,Todas las acciones,"Forms, PDF Access Log, a filter"
All categories,Todas las categorías,"Reports, the supply report, a filter; Reports, adding or editing a supply report; Reports, the supply report's printed page; Forms, Form Library, a filter"
All current,Todo al día,"HR Records, Employees, a card"
All day,Todo el día,"Schedule, Time off, a request that covers the whole day"
All forms,Todos los formularios,"Forms, Filed forms, the form filter; Forms, Submissions, the form filter"
All people,Todas las personas,"Schedule, Patterns"
All roles,Todos los roles,"HR Records, Employees, the role filter; Staff Management, the list"
All severities,Todas las severidades,"Reports, the issue report, a filter; Reports, adding or editing an issue report; Reports, the issue report's printed page"
All sites,Todos los sitios,"Schedule, Patterns; Reports, adding or editing a report; Reports, a report's filter and printed page; HR Records, Training, who has no record of a training; Forms, Filed forms, the site filter"
All statuses,Todos los estados,"HR Records, Employees, the status filter; Forms, Submissions, a filter"
All supplies are already assigned to this site,Todos los suministros ya están asignados a este sitio,"Sites, Supplies"
Allow,Permitir,"Settings, Roles and Permissions, by person"
Allow pop-ups to export the PDF,Permita las ventanas emergentes para exportar el PDF,"Reports, exporting a report's PDF"
Allow pop-ups to print the sheet,Permita las ventanas emergentes para imprimir la hoja,"HR Records, Training and logging training for several people, printing an attendance sheet with pop-ups blocked"
Already Synced?,¿Ya sincronizado?,"Forms, Sync Diagnostic, the failures, a column"
"Already logged, not sent again","Ya tenían este registro, no se enviaron de nuevo","HR Records, logging training for several people, the people who already have this training on this day"
Ambiguous: {0},Ambiguos: {0},"Forms, Submissions, the toast after auto-link"
Analytics,Análisis,Shift Pickup
Annual,Anual,"Sites, editing a site, Billing; Forms, Form Library, a form's expiry"
Annual renewal required,Requiere renovación anual,"Forms, editing a form"
Answered,Respondidas,"Forms, Filed forms, a column"
Any result,Cualquier resultado,"Forms, PDF Access Log, a filter"
App form,Formulario de la app,"Forms, PDF access log, under the form's title on a row the app wrote"
App forms,Formularios de la app,"Forms, PDF access log, the source filter"
Applies to both the on-screen view and the PDF export.,Se aplica a la vista en pantalla y a la exportación a PDF.,"Reports, adding or editing a report"
Approval Status,Estado de aprobación,"Vendors, adding or editing a vendor"
Approve,Aprobar,"Schedule; Shift Pickup; Schedule, a time off request; Inventory, a supply request; Staff Management, the list"
Approve Drop,Aprobar la baja,Schedule; Shift Pickup
Approve Request,Aprobar la solicitud,"Inventory, approving a supply request"
Approve and deny time off,Aprobar y denegar tiempo libre,"Settings, Roles and Permissions, a capability's name"
Approved,Aprobada,"Shift Pickup; Schedule, Time off; Staff Management, the list"
Approved Shift,Turno aprobado,Schedule
Approved Vendor List exported,Lista de proveedores aprobados exportada,"Vendors, Export AVL"
"Apt, suite, etc.","Apto., oficina, etc.","Staff Management, the Profile tab, the form, an example"
Archive,Archivar,"Forms, a submission's window"
Archived,Archivado,"Forms, Submissions, a status"
Areas Needing Improvement,Áreas que necesitan mejorar,"Inspections, Reports, the printed report"
Asked,Solicitado,"Schedule, Time off; Schedule, a time off request"
Assign,Asignar,"Schedule; Shift Pickup; Staff Management, the Assignments tab"
Assign Issue as Task,Asignar la incidencia como tarea,"Issue Tracker, giving an issue to a person"
Assign Task,Asignar la tarea,"Issue Tracker, giving an issue to a person"
Assign To,Asignar a,"Sites, adding a task"
Assign To *,Asignar a *,"Issue Tracker, giving an issue to a person; Assigned Tasks, creating a task"
Assign as Task,Asignar como tarea,"Issue Tracker, the issue window"
Assign to Site,Asignar a un sitio,"Staff Management, Assign to Site, its title"
Assigned,Asignado,"Shift Pickup; Staff Management, the Assignments tab"
Assigned Staff ({0}),Personal asignado ({0}),"Sites, General Info"
Assigned Supervisor,Supervisor asignado,"Schedule; Inspections, scheduling or editing an inspection"
Assigned Task,Tarea asignada,"Forms, linking a submission, a kind of record"
Assigned Tasks,Tareas asignadas,The shell; Assigned Tasks
Assigned To,Asignada a,"Issue Tracker, the issue window, who holds the incidencia; Assigned Tasks, the task window, who holds the tarea; Inspections, an inspection"
Assigned to: {0},Asignada a: {0},"Issue Tracker, an incidencia given to somebody; Assigned Tasks, a tarea given to somebody"
Assignment email,Correo de asignación,"Cases, a case's window, the access log"
Assignments,Asignaciones,"Staff Management, a person's profile, a tab"
Attach the filled report as a PDF,Adjuntar el informe completado en PDF,"Settings, Who gets told"
Attached,Adjunto,"Assigned Tasks, creating a task, the attached file for a screen reader"
Attached Photo,Foto adjunta,"Assigned Tasks, the task window; Inspections, an inspection, a line item"
Attached Video,Video adjunto,"Assigned Tasks, the task window"
Attempted,Intentado,"Forms, Sync Diagnostic, the failures, a column"
Attendance sheet,Hoja de asistencia,"HR Records, the printed attendance sheet, its title and heading"
Auto-link complete.,Vinculación automática terminada.,"Forms, Submissions, the toast after auto-link"
Auto-link failed: {0},La vinculación automática falló: {0},"Forms, Submissions, a toast"
Available Metadata,Metadatos disponibles,"Staff Management, a record's window, when the record is not found"
Average,Promedio,"Shift Pickup; Inspections, Reports, the printed report; Reports, Client ratings, the printed page, a question's average"
Average score by site,Puntaje promedio por sitio,"Reports, adding or editing an inspection report; Reports, the inspection report, a chart and its printed page"
Average score percent over time,Porcentaje de puntaje promedio a lo largo del tiempo,"Reports, the inspection report, a chart"
"Average score percent, lowest first","Porcentaje de puntaje promedio, el más bajo primero","Reports, the inspection report, a chart"
Avg (min),Prom. (min),Shift Pickup
Avg Fill Time,Tiempo medio de cobertura,Shift Pickup
Avg Score,Puntaje promedio,"Sites, Shifts & Schedule; Inspections, Reports"
Avg Score (30d),Puntaje promedio (30 d),"Sites, a site's profile"
Avg score,Puntaje promedio,"Reports, the inspection report and its printed page"
Avg score %,Puntaje promedio %,"Reports, the inspection report, a chart's legend and tooltip"
Back,Volver,"Inspections, an inspection"
Back,Atrás,"Forms, the form window, the footer"
Back to Dashboard,Volver al panel,The admin line
Back to Employees,Volver al personal,"HR Records, a folder"
Back to Sites,Volver a Sitios,"Sites, a site's profile"
Back to Staff,Volver al personal,"Staff Management, a person's profile"
Back to reports,Volver a los informes,"Reports, a report being run; Reports, Client ratings and Monthly client reports"
Backfill complete.,Relleno terminado.,"Forms, Submissions, the toast after the PDF backfill"
Backfill failed: {0},El relleno falló: {0},"Forms, Submissions, a toast"
Backfilling...,Rellenando...,"Forms, Submissions, while the PDF backfill runs"
Badge,Número de empleado,"Staff Management, the list, a column; the word the staff portal says"
Badge number,Número de empleado,"Staff Management, the profile window, the Contact Information card; the word the staff portal says"
Based on {0},Según {0},"Help, the documents an answer comes from"
Benefits / Payroll,Beneficios / Nómina,"HR Records, a record's category"
Bi-Weekly,Quincenal,"Sites, editing a site, Billing"
Billing,Facturación,"Sites, General Info; Sites, editing a site"
Biohazard Incident and Exposure Report,Informe de Incidente y Exposición a Riesgo Biológico,"Settings, Who gets told, a form's title"
Birthday,Fecha de nacimiento,"Staff Management, the Profile tab"
Bldg: {0},Edificio: {0},"Shift Pickup, a shift card"
Branding,Marca,"Settings, the Company tab"
Building,Edificio,"Schedule, a pattern; Schedule; Shift Pickup; Assigned Tasks, the task window; Assigned Tasks, creating a task; Sites, adding or editing a task; Settings, Site Lookups"
Buildings,Edificios,"Settings, Site Lookups"
Bulk Upload PDFs,Subir PDF en bloque,"Forms, Submissions"
"Bulk Upload PDFs

Select up to 50 PDF files downloaded from Jotform's Submissions > Download as PDFs feature.

Files must use Jotform's default naming pattern (the submission ID at the start of each filename) so we can match them to submission records. Submissions that already have a PDF will be skipped.","Subir PDF en bloque

Seleccione hasta 50 archivos PDF descargados con la función Submissions > Download as PDFs de Jotform.

Los archivos deben conservar el nombre que Jotform les da (el ID del envío al inicio de cada nombre) para poder asociarlos a los registros de envío. Los envíos que ya tengan un PDF se omitirán.","Forms, Submissions, the question before the bulk upload"
Bulk resolve failed: {0},La resolución en bloque falló: {0},"Forms, Sync Diagnostic, a toast"
Bulk upload complete.,Subida en bloque terminada.,"Forms, Submissions, the toast after the bulk upload"
Bulk upload failed: {0},La subida en bloque falló: {0},"Forms, Submissions, a toast"
Bulk-resolve all {0} unresolved failure(s) for this form,Resolver en bloque los {0} fallos sin resolver de este formulario,"Forms, Sync Diagnostic, the name of the Resolve all button"
By,Por,"Sites, the printed timeline, who did it; Staff Management, the printed timeline"
By person,Por persona,"Settings, Roles and Permissions"
By site,Por sitio,"Reports, the issue report's printed page"
By {0},Por {0},"Vendors, a vendor, who wrote an evaluation"
By: {0},Por: {0},"Assigned Tasks, who created a task; The bell, an announcement opened by someone the Announcements page is not for"
Check this answer,Revise esta respuesta,"Forms, the form window, under an answer the API refused"
CLAIMED,TOMADO,Schedule
Continue,Continuar,"Forms, Filed forms, Unfinished, the button on a draft"
CSV,CSV,"Inspections, a completed inspection"
CSV exported,CSV exportado,"Sites, Timeline; Staff Management, the Timeline tab"
Callout,Ausencia,Shift Pickup
Callout Patterns,Patrones de ausencias,Shift Pickup
Callouts,Ausencias,Shift Pickup
Cancel,Cancelar,"Schedule, a pattern; Schedule; Shift Pickup; Issue Tracker, giving an issue to a person; Assigned Tasks, reassigning a task; Assigned Tasks, creating a task; Sites; HR Records; Reports, adding or editing a report; Staff Management, the Profile tab; Settings, Dropdown Options; Settings, Site Lookups; Settings, Who gets told; Forms, editing a form; Forms, Settings, the full refresh window; Forms, linking a submission to a record"
Cancel Inspection,Cancelar la inspección,"Schedule; Inspections, editing a scheduled inspection"
Cancel ending this pattern,Cancelar el fin de este patrón,"Schedule, a pattern"
Cancel removing {0},Cancelar y no quitar a {0},"Settings, Who gets told, for a screen reader"
Cancel this date,Cancelar esta fecha,Schedule
Cancel this inspection?,¿Cancelar esta inspección?,"Schedule, an inspection's window; Inspections, an inspection"
Cancel this open shift? It will no longer be available for pickup.,¿Cancelar este turno abierto? Ya nadie podrá tomarlo.,"Shift Pickup, canceling an open shift"
Cancel this shift? The pattern will not add it again.,¿Cancelar este turno? El patrón no lo volverá a agregar.,"Schedule, canceling a date of a pattern's shift"
Cancelled,Cancelado,"Schedule; Schedule, Time off; Shift Pickup, a shift's status"
Cancelled by the person who asked,Cancelada por quien la solicitó,"Schedule, a time off request"
Capability,Permiso,"Settings, Roles and Permissions, the role reference; Settings, the role reference, printed"
Case,Caso,"Cases, a case's window, its title"
Case updated,Caso actualizado,"Cases, a case's window, once it is saved"
Cases,Casos,"The shell; Cases, the list"
Categories ({0}),Categorías ({0}),"Settings, Dropdown Options"
Category,Categoría,"HR Records; Inventory, editing a supply; Inspections, Reports; Inspections, the printed reports; Sites, the printed timeline; Reports, adding or editing a report; Reports, the supply report's printed page; Staff Management, the printed timeline; Forms, Form Library, a column; Forms, editing a form"
Category *,Categoría *,"Inventory, adding a supply"
Category Breakdown,Desglose por categoría,"Inspections, Reports, the printed report"
Category activated,Categoría activada,"Settings, Dropdown Options"
Category created,Categoría creada,"Settings, Dropdown Options"
Category deactivated,Categoría desactivada,"Settings, Dropdown Options"
Category is required,La categoría es obligatoria,"HR Records, adding a document"
Category updated,Categoría actualizada,"HR Records, a folder; Settings, Dropdown Options"
Central Time (Chicago),Hora del Centro (Chicago),"Settings, the Company tab, a time zone"
Certification Name *,Nombre de la certificación *,"Staff Management, Add Certification"
Certification Status,Estado de certificación,"Vendors, adding or editing a vendor"
Certification added,Certificación agregada,"Staff Management, Add Certification, once it is added"
Certifications,Certificaciones,"Vendors, a vendor; Staff Management, a person's profile; Staff Management, the Certifications tab"
Certifications ({0}),Certificaciones ({0}),"Staff Management, the printed profile report"
Certifications staff must hold...,Certificaciones que el personal debe tener...,"Service Catalog, adding or editing a service"
Change,Cambiar,"Schedule, a pattern"
"Change admin accounts (role, status, PIN)","Cambiar cuentas de administrador (rol, estado, PIN)","Settings, Roles and Permissions, a capability's name"
Changes start on,Los cambios comienzan el,"Schedule, a pattern"
"Changing the type will reclassify this value. For example, changing from ""Building"" to ""Zone"" moves it between categories.","Si cambia el tipo, este valor pasa a otra categoría. Por ejemplo, al cambiarlo de ""Edificio"" a ""Zona"" pasa de una categoría a la otra.","Settings, Site Lookups"
Channel: {0},Canal: {0},"Sites, the printed chat history"
Chat,Chat,"Sites, a site's profile"
Chemical,Químico,"Reports, a supply category; Reports, the supply report's filter and printed page"
Chemical Usage,Uso de químicos,"Reports, Quick snapshots, a CSV export"
Choose a person,Elija a una persona,"Cases, a case's window, Hand to"
"Choose who hears about each kind of report. People get an email and a notice in the app. Outside addresses get email only. When nobody is set, every admin gets a notice in the app.","Elija quién recibe avisos de cada tipo de informe. Las personas reciben un correo y un aviso en la aplicación. Las direcciones externas reciben solo el correo. Si no hay nadie, cada administrador recibe un aviso en la aplicación.","Settings, Who gets told"
City,Ciudad,"Sites, adding or editing a site; Vendors, adding or editing a vendor; Staff Management, the Profile tab"
Claimed,Tomado,"Schedule; Shift Pickup; Shift Pickup, a shift's status"
Claimed By,Tomado por,Schedule; Shift Pickup
Claimed Pickup Shift,Turno disponible tomado,Schedule
Claims,Turnos tomados,Shift Pickup
Clear,Borrar,"Sites, Timeline, the dates; Staff Management, the Timeline tab"
Clear selection,Quitar la selección,"HR Records, logging training for several people, who attended"
"Click ""Add Supply"" to start.","Haga clic en ""Agregar suministro"" para empezar.","Inventory, an empty list"
"Click ""Create Task"" to assign one.","Haga clic en ""Crear tarea"" para asignar una.","Assigned Tasks, when the list is empty"
Click Cancel to abort.,Presione Cancelar para no continuar.,"Forms, Sync Diagnostic, the question before a form's failures are resolved"
Click Refresh Diagnostic to load.,Presione Actualizar el diagnóstico para cargar.,"Forms, Sync Diagnostic"
Click photo to open full size,Haga clic en la foto para verla en tamaño completo,"Inspections, an inspection, a line item's photo"
Client,Cliente,"Sites, General Info; Sites, adding a site"
Client Contact,Contacto del cliente,"Sites, General Info; Sites, editing a site"
Client Forms,Formularios del cliente,"HR Records, a record's category"
Client Name,Nombre del cliente,"Sites, editing a site"
Clock,Asistencia,"Sites, Timeline; Staff Management, Timeline, a kind of entry"
Clock in and out,Registro de entrada y salida,"Settings, Roles and Permissions, the role reference"
Close,Cerrar,"Schedule, a pattern; Schedule; Shift Pickup; Schedule, a time off request; Issue Tracker, the issue window; Assigned Tasks, the task window; Cases, a case's window; Forms, a filed report; Forms, a submission's window"
"Closed, no response",Cerrado sin respuesta,"Cases, the response clock"
Collapse sidebar,Contraer el panel lateral,The shell
Color,Color,"Settings, Dropdown Options"
Color (optional),Color (opcional),"Settings, Dropdown Options"
Coming soon,Próximamente,"Reports, the library, a report whose source is not live yet"
Communication,Comunicación,"Settings, Roles and Permissions, the role reference"
Company,Empresa,"Settings, the tabs"
Company Identity,Identidad de la empresa,"Settings, the Company tab"
Company settings and branding,Configuración y marca de la empresa,"Settings, Roles and Permissions, the role reference; Settings, Roles and Permissions, a capability's name"
Company settings saved,Configuración de la empresa guardada,"Settings, the Company tab"
Completed,Completado,"Schedule; Shift Pickup; HR Records, Training"
Completed At,Fecha de finalización,"Inspections, a completed inspection"
Completed By,Completada por,"Inspections, an inspection; Inspections, an inspection's printed report"
Completed Date,Fecha de finalización,"HR Records, adding a training record; HR Records, logging training for several people"
Completed {0},Completado el {0},"HR Records, Onboarding, a finished step, which agrees with paso; Staff Management, the HR Files tab"
Completed: {0},Completada: {0},"Staff Management, the HR Files tab, a training record"
Compliance,Cumplimiento,"HR Records, a tab"
"Compliance percent, higher is better","Porcentaje de cumplimiento, más es mejor","Reports, the issue report, a chart"
Confidential Communication Record,Registro confidencial de comunicaciones,"Sites, the printed chat history, its footer"
Confidential Employee Record,Registro confidencial de la persona,"Staff Management, the printed timeline and profile report, the footer"
Confidential Record,Registro confidencial,"Staff Management, a record's printed page, the footer, which is the company's own confidential label"
Confidential Site Record,Registro confidencial del sitio,"Sites, a record's printed page, its footer"
Config load failed: {0},No se pudo cargar la configuración: {0},"Forms, a toast"
Confirm Convert,Confirmar la conversión,Schedule
Confirm ending this pattern,Confirmar el fin de este patrón,"Schedule, a pattern"
Confirm on the next screen.,Confirme en la siguiente pantalla.,"The add to home screen sheet, Android"
Connected to Live API,Conectado a la API en vivo,The shell
Contact,Contacto,"Vendors, the list; Vendors, a vendor"
Contact Email,Correo del contacto,"Vendors, adding or editing a vendor"
Contact Information,Datos de contacto,"Staff Management, the Profile tab"
Contact Name,Nombre del contacto,"Sites, editing a site; Vendors, adding or editing a vendor"
Contact Phone,Teléfono del contacto,"Vendors, adding or editing a vendor"
Contract,Contrato,"Sites, the list; Sites, editing a site"
Contract Dates,Fechas del contrato,"Sites, General Info"
Contract Details,Detalles del contrato,"Sites, General Info"
Contract Terms,Condiciones del contrato,"Vendors, a vendor; Vendors, adding or editing a vendor"
Contract Type,Tipo de contrato,"Sites, General Info; Sites, adding or editing a site"
Contractor,Contratista,"Live Operations, a person's role; Sites, General Info, a person's role; HR Records, a person's role; Staff Management, the list"
Conversation,Conversación,"Messages, a conversation whose person has no name"
Convert,Convertir,Shift Pickup
Convert Callout,Convertir la ausencia,Shift Pickup
Convert Scheduled Shift to Open Pickup,Convertir un turno programado en turno abierto,Shift Pickup
Convert to Open Pickup,Convertir en turno abierto,Schedule
Copied,Copiado,"The add to home screen sheet, after the address is copied"
Copy,Copiar,"The add to home screen sheet, beside the address"
Copy the address below and paste it there.,Copie la dirección de abajo y péguela allí.,"The add to home screen sheet, inside another app's browser"
Corrective Action Report,Reporte de acción correctiva,"Forms, the Filed forms filter; Settings, Who gets told"
Cost by site,Costo por sitio,"Reports, adding or editing a supply report; Reports, the supply report's printed page"
Cost is estimated using each supply current cost per unit. Supplies without a price contribute zero cost.,El costo se estima con el costo actual por unidad de cada suministro. Los suministros sin precio no suman costo.,"Reports, the supply report's printed page"
Cost is estimated using its current cost per unit. Supplies without a price contribute zero cost.,El costo se estima con su costo actual por unidad. Los suministros sin precio no suman costo.,"Reports, the supply report"
Cost trend,Tendencia del costo,"Reports, adding or editing a supply report"
Cost/Unit,Costo por unidad,"Inventory, adding or editing a supply"
Could not fetch live content: {0},No se pudo obtener el contenido en vivo: {0},"Forms, a submission's window"
Could not load folder.,No se pudo cargar la carpeta.,"HR Records, a folder"
Could not load permissions: {0},No se pudieron cargar los permisos: {0},"Settings, Roles and Permissions, by person"
Could not load report: {0},No se pudo cargar el informe: {0},"Reports, a report being run"
Could not load reports: {0},No se pudieron cargar los informes: {0},"Reports, the library"
Could not load team: {0},No se pudo cargar el equipo: {0},"Settings, Roles and Permissions, by person"
Could not save: {0},No se pudo guardar: {0},"Settings, Roles and Permissions, by person"
Coverage by Site,Cobertura por sitio,Shift Pickup
Create,Crear,"Sites, adding a site or a task"
Create Assigned Task,Crear una tarea asignada,"Assigned Tasks, creating a task"
Create Category,Crear categoría,"Settings, Dropdown Options"
Create Task,Crear tarea,Assigned Tasks
Create Template,Crear la plantilla,"Inspections, adding a template"
Create and Assign,Crear y asignar,"Assigned Tasks, creating a task"
Create report,Crear el informe,"Reports, adding a report"
"Create, edit and delete scheduled shifts","Crear, editar y eliminar turnos programados","Settings, Roles and Permissions, a capability's name"
Created,Fecha de creación,"Assigned Tasks, the task window"
Created By,Creada por,"Assigned Tasks, the task window, who created the tarea"
Currently assigned to: {0}. They will be notified of the change.,Asignada ahora a: {0}. Recibirá un aviso del cambio.,"Assigned Tasks, reassigning a task, the name in bold"
Currently open,Abiertas en este momento,"Reports, the issue report, a chart, which agrees with incidencias"
Currently: Allowed (admins always allowed),Ahora: Permitido (los administradores siempre lo tienen),"Settings, Roles and Permissions, by person"
Currently: Allowed (override),Ahora: Permitido (cambio para esta persona),"Settings, Roles and Permissions, by person"
Currently: Allowed (role default),Ahora: Permitido (predeterminado del rol),"Settings, Roles and Permissions, by person"
Currently: Blocked (override),Ahora: Bloqueado (cambio para esta persona),"Settings, Roles and Permissions, by person"
Currently: Blocked (role default),Ahora: Bloqueado (predeterminado del rol),"Settings, Roles and Permissions, by person"
Custodial Laborer,Auxiliar de limpieza,"Live Operations, a person's role; Sites, General Info, a person's role; HR Records, a person's role; Staff Management, the list"
Custodial Lead,Líder de limpieza,"Live Operations, a person's role; Sites, General Info, a person's role; HR Records, a person's role; Staff Management, the list"
Custom,Personalizado,"The shell, the date range; Reports, the library, a custom report's badge"
Customer Complaint Log,Registro de quejas de clientes,"Settings, Who gets told, a form's title"
DROP REQ,SOL. DE BAJA,Schedule
Daily,Diario,"Reports, a trend's bucket"
Daily Checklist,Lista diaria,"Sites, adding or editing a task, Task Type"
Daily Service Log,Registro diario de servicio,"Settings, Who gets told, a form's title"
Damage Report,Reporte de daños,"Inventory, Requests, a request's type"
Dark Mode,Modo oscuro,The shell
Dark mode,Modo oscuro,The shell
Dashboard,Panel,The shell
Date,Fecha,"Schedule; Shift Pickup; Live Operations; HR Records, Documents and Other; Sites, the printed timeline; Reports, the inspection report's printed page; Staff Management, the printed timeline; HR Records, the printed attendance sheet"
Date *,Fecha *,Shift Pickup
Date is required,La fecha es obligatoria,Schedule
Date range:,Rango de fechas:,"Staff Management, the Timeline tab"
Dates,Fechas,"Schedule, Time off; Schedule, a time off request"
Day Porter,Conserje de día,"Live Operations, a person's role; Sites, General Info, a person's role; HR Records, a person's role; Staff Management, the list"
Days,Días,"Schedule, Patterns"
Deactivate,Desactivar,"Sites, a site's profile; Staff Management, a person's profile; Settings, Dropdown Options"
Deactivate this site?,¿Desactivar este sitio?,"Sites, a site's profile"
Decided,Decidido,"Schedule, a time off request"
Decided by,Decidido por,"Schedule, a time off request"
Deciding this request leaves these shifts as they are. Change or cover them on the schedule.,Decidir esta solicitud deja estos turnos como están. Cámbielos o cúbralos en el horario.,"Schedule, Time off, the note above the shifts a request covers"
Default range,Rango predeterminado,"Reports, adding or editing a report"
Default severity,Severidad predeterminada,"Reports, adding or editing an issue report"
Default site,Sitio predeterminado,"Reports, adding or editing a report"
Defaults,Valores predeterminados,"Settings, the Company tab"
Delete,Eliminar,"Schedule; Sites, a site's profile; HR Records; Reports, the library; Settings, Dropdown Options"
Delete failed: {0},No se pudo eliminar: {0},"Forms, Aliases, a toast"
Delta,Diferencia,"Forms, Sync Diagnostic, a column"
Denied,Denegada,"Schedule, Time off"
Deny,Denegar,"Shift Pickup; Schedule, a time off request; Inventory, a supply request; Settings, Roles and Permissions, by person"
Deny Request,Denegar la solicitud,"Schedule; Inventory, denying a supply request"
Describe the category,Describa la categoría,"Inventory, adding or editing a supply"
Describe what happened,Describa qué pasó,"Help, the box a question is written in"
Describe what this service covers...,Describa lo que cubre este servicio...,"Service Catalog, adding or editing a service"
Describe what this vendor supplies...,Describa lo que suministra este proveedor...,"Vendors, adding or editing a vendor"
Description,Descripción,"Service Catalog, a service; Service Catalog, adding or editing a service; Inspections, adding a template; Sites, the printed timeline; Reports, adding or editing a report; Staff Management, the printed timeline; Settings, Dropdown Options"
Description *,Descripción *,"Sites, adding a task"
Detail load failed: {0},No se pudo cargar el detalle: {0},"Forms, Submissions, a toast"
Detailed Instructions,Instrucciones detalladas,"Assigned Tasks, creating a task; Sites, editing a task"
Detailed Instructions (optional),Instrucciones detalladas (opcional),"Sites, adding a task"
Diagnostic complete,Diagnóstico completado,"Forms, Settings, a toast"
Diagnostic failed: {0},El diagnóstico falló: {0},"Forms, Settings, a toast"
Diagnostic load failed: {0},No se pudo cargar el diagnóstico: {0},"Forms, Sync Diagnostic, a toast"
Direct message inbox overview,Resumen de la bandeja de mensajes directos,"Settings, Roles and Permissions, the role reference"
Disabled,Deshabilitado,"Forms, Form Library, a form's badge"
Disabled only,Solo deshabilitados,"Forms, Form Library, a filter"
Dismiss,Descartar,"Forms, Sync Diagnostic, the failures"
Display name,Nombre para mostrar,"Settings, the Company tab"
Do not escalate,No escalar,"Cases, a case's window, Escalate to"
Document,Documento,"HR Records, a folder, where a record came from"
Document added,Documento agregado,"HR Records, adding a document"
Document not found,No se encontró el documento,"HR Records, a folder"
Document the scope of work for this site...,Documente el alcance del trabajo de este sitio...,"Sites, Scope of Work"
Document updated,Documento actualizado,"HR Records, editing a document"
Documents,Documentos,"HR Records, a tab; HR Records, Compliance; Staff Management, Timeline, a kind of entry"
Documents ({0}),Documentos ({0}),"Staff Management, the HR Files tab"
Don't show again,No volver a mostrar,"The add to home screen sheet, the button that ends it"
Done,Listo,Schedule
Download,Descargar,"Forms, PDF Access Log, a filter and a badge; Forms, a submission's window"
Download CSV files for audits and clients.,Descargue archivos CSV para auditorías y clientes.,"Reports, Quick snapshots"
Download PDF,Descargar el PDF,"Forms, a filed report"
Download started,Descarga iniciada,"Forms, a submission's window, a toast"
Downloaded,Descargado,"Reports, Quick snapshots, after a CSV export"
Downloading...,Descargando...,"Forms, a filed report, while its PDF downloads"
Drop Req,Sol. de baja,Schedule
Drop Request,Solicitud de baja,"Shift Pickup; Shift Pickup, a shift's status"
Drop Requested,Baja solicitada,Shift Pickup
Drop Requests,Solicitudes de baja,Shift Pickup
Drop approved,Baja aprobada,Shift Pickup
"Drop approved, shift is now open","Baja aprobada, el turno queda abierto",Schedule
"Drop approved, shift is open","Baja aprobada, el turno queda abierto",Shift Pickup
Drop request denied,Solicitud de baja denegada,Schedule
Dropdown Options,Opciones de las listas,"Settings, the tabs"
Dropdown and site lookups,Opciones de las listas y listas por sitio,"Settings, Roles and Permissions, the role reference; Settings, Roles and Permissions, a capability's name"
Due,Vence,"Forms, Filed forms, a column"
Due Date,Fecha límite,"Assigned Tasks, the task window; Assigned Tasks, creating a task; Sites, adding or editing a task"
Due Time,Hora límite,"Assigned Tasks, creating a task; Sites, adding or editing a task"
Due: {0},Vence: {0},"Assigned Tasks, the day a task is due; Sites, Service Details"
Duplicate,Duplicar,"Reports, the library"
Duration,Duración,"Forms, Settings, the full refresh window"
EIN / Tax ID,EIN / Número de identificación fiscal,"Settings, the Company tab"
EIN {0},EIN {0},"Reports, the issue report's printed page, the company's tax number"
EPA Reg #,N.º de registro de la EPA,"Inventory, adding or editing a supply"
Eastern Time (New York),Hora del Este (Nueva York),"Settings, the Company tab, a time zone"
Edit,Editar,"Shift Pickup; Sites, Service Details; HR Records; Reports, the library; Staff Management, the list; Staff Management, the Profile tab; Settings, Dropdown Options; Settings, Site Lookups; Forms, Form Library"
Edit Category,Editar categoría,"Settings, Dropdown Options"
Edit Details,Editar los detalles,"Sites, General Info"
Edit Document,Editar el documento,"HR Records, editing a document"
Edit Form,Editar el formulario,"Forms, editing a form"
Edit Scheduled Inspection,Editar la inspección programada,"Inspections, editing a scheduled inspection"
Edit Scheduled Shift,Editar el turno programado,Schedule
Edit Service,Editar el servicio,"Service Catalog, editing a service"
Edit Site Details,Editar los detalles del sitio,"Sites, editing a site"
Edit Site Lookup,Editar opción del sitio,"Settings, Site Lookups"
Edit Staff Info,Editar los datos de la persona,"Staff Management, Edit Staff Info, its title"
Edit Supply,Editar el suministro,"Inventory, editing a supply"
Edit Task,Editar la tarea,"Sites, editing a task"
Edit Training Record,Editar el registro de capacitación,"HR Records, editing a training record"
Edit Value,Editar valor,"Settings, Dropdown Options"
Edit Vendor,Editar el proveedor,"Vendors, editing a vendor"
Edit report,Editar el informe,"Reports, editing a report"
Email,Correo,"Sites, General Info; Sites, editing a site; Vendors, a vendor; Staff Management, the printed profile report; Staff Management, the Profile tab; Settings, the Company tab; Settings, Who gets told; Forms, Sync Diagnostic, the missing submissions, a column"
Email *,Correo *,"Staff Management, Add New Staff"
Email only,Solo correo,"Settings, Who gets told"
Emergency Contact,Contacto de emergencia,"Staff Management, the Profile tab"
Emergency Phone,Teléfono de emergencia,"Staff Management, the Profile tab"
Employee,Persona,"HR Records; HR Records, the printed attendance sheet; Forms, linking a submission, a kind of record"
Employee ID,ID de la persona,"Staff Management, the Profile tab; Staff Management, Add New Staff; Staff Management, Edit Staff Info"
Employee Information,Datos de la persona,"Staff Management, the printed profile report"
Employee Report,Informe de la persona,"Staff Management, the printed profile report, its heading"
Employee is required,La persona es obligatoria,"HR Records, adding a document"
"Employee, name, and type are required","La persona, el nombre y el tipo son obligatorios","HR Records, adding a training record"
Employees,Personal,"HR Records, a tab"
Employment,Empleo,"Staff Management, the list, a column"
Employment Type,Tipo de empleo,"Staff Management, the printed profile report; Staff Management, the Profile tab"
Empty,Vacío,"HR Records, Employees, a card with no records"
Enabled,Habilitado,"Forms, Form Library, a form's badge"
Enabled (included in sync),Habilitado (incluido en la sincronización),"Forms, editing a form"
Enabled only,Solo habilitados,"Forms, Form Library, a filter"
Enabled: Any,Habilitados: todos,"Forms, Form Library, a filter"
End,Fin,"Schedule, a pattern; Shift Pickup; Staff Management, Assign to Site"
End Date,Fecha de fin,"Sites, editing a site"
End Time,Hora de fin,Schedule
End Time *,Hora de fin *,Schedule; Shift Pickup
End pattern,Terminar el patrón,"Schedule, a pattern"
End this pattern after,Terminar este patrón después del,"Schedule, a pattern"
"End this pattern after {0}? Future shifts it added are removed, except ones changed by hand.","¿Terminar este patrón después del {0}? Los turnos futuros que agregó se eliminan, salvo los que se cambiaron a mano.","Schedule, a pattern, the question before ending it"
End time,Hora de fin,"Schedule, a pattern"
Ended,Terminado,"Schedule, Patterns"
Ends,Termina,"Schedule, Patterns"
Enforced,Se aplica,"Settings, Roles and Permissions, by person, a capability in force"
Enforced capabilities take effect immediately. Rolling out capabilities are saved against the person now and begin enforcing as each area is wired.,Los permisos que se aplican tienen efecto de inmediato. Los que están en implementación se guardan ahora para la persona y empiezan a aplicarse a medida que se conecta cada área.,"Settings, Roles and Permissions, by person"
English,Inglés,"HR Records, logging training for several people, the language a session was given in"
Enter,Ingrese,The sign-in card
Enter a new 4-digit PIN for this staff member.,Escriba un PIN nuevo de 4 dígitos para esta persona.,"Staff Management, Reset PIN"
Entity Type,Tipo de registro,"Forms, linking a submission to a record"
Environmental Compliance Audit,Auditoría de cumplimiento ambiental,"Forms, the Filed forms filter; Settings, Who gets told"
Equipment,Equipo,"Reports, a supply category; Reports, the supply report's filter and printed page"
Error,Error,"Forms, Settings, the sync log, a column"
Errors: {0},Errores: {0},"Forms, Submissions, the toast after the PDF backfill and the bulk upload"
Escalate to,Escalar a,"Cases, a case's window"
Escalated to,Escalado a,"Cases, a case's window"
Escalating sends that person an email. The email carries no case text.,"Al escalar, se envía un correo a esa persona. El correo no incluye el texto del caso.","Cases, a case's window, under Escalate to"
Escalation email,Correo de escalamiento,"Cases, a case's window, the access log"
Estimated cost,Costo estimado,"Reports, the supply report and its printed page; Reports, the supply report, a chart's legend and tooltip"
Estimated cost (USD),Costo estimado (USD),"Reports, the supply report, a chart's tooltip"
Estimated cost by period,Costo estimado por periodo,"Reports, the supply report's printed page"
Estimated cost by site,Costo estimado por sitio,"Reports, the supply report, a chart"
Estimated cost from logged usage at current prices,"Costo estimado a partir del uso registrado, a los precios actuales","Reports, the supply report"
Estimated cost split,Reparto del costo estimado,"Reports, the supply report, a chart"
Estimated cost trend,Tendencia del costo estimado,"Reports, the supply report, a chart"
"Estimated cost, top 10","Costo estimado, los 10 principales","Reports, the supply report, a chart"
Estimated supply cost per {0},Costo estimado de suministros por {0},"Reports, the supply report, a chart, {0} is day, week or month"
Evaluation saved,Evaluación guardada,"Vendors, adding an evaluation"
Evaluations,Evaluaciones,"Vendors, a vendor"
Events,Registros,"Reports, the supply report's printed page, usage events"
"Every email about this form carries everything the report says, to every person and address on these lists.","Cada correo sobre este formulario lleva todo lo que dice el informe, a cada persona y dirección de estas listas.","Settings, Who gets told"
Every form,Todos los formularios,"Settings, Who gets told"
"Every view, download, and print of an original Jotform PDF is recorded here with user, timestamp, IP, and success status. This log is append-only and survives submission deletion via text snapshots.","Cada vista, descarga e impresión de un PDF original de Jotform queda registrada aquí con la persona, la fecha y hora, la IP y el resultado. Este registro solo crece y se conserva aunque el envío se elimine, gracias a copias en texto.","Forms, PDF Access Log, the note at the top"
"Every view, download, print and email of a form's PDF, from Jotform or from the app, is recorded here with the person, the time, the address it came from and whether it succeeded. This log is append-only and survives a submission's deletion through text snapshots.","Cada vista, descarga, impresión y correo del PDF de un formulario, de Jotform o de la app, queda registrado aquí con la persona, la hora, la dirección desde la que se hizo y si tuvo éxito. Este registro solo agrega y sobrevive a la eliminación de un envío mediante copias de texto.","Forms, PDF access log, the banner"
Everyone,Todos,"Schedule, Time off"
Everyone active,Todas las personas activas,"HR Records, logging training for several people, who attended"
Exp: {0},Vence: {0},"Staff Management, the HR Files tab and the Certifications tab, the day it expires"
Expand sidebar,Ampliar el panel lateral,The shell
Expired Docs,Docs. vencidos,"HR Records, Compliance"
Expired Documents,Documentos vencidos,"HR Records, Compliance"
Expired Items,Elementos vencidos,"HR Records, Compliance"
Expired Training,Capacitaciones vencidas,"HR Records, Compliance"
Expires in {0}d,Vence en {0} d,"HR Records, Documents, Training and Other"
Expires {0}d,Vence en {0} d,"HR Records, a folder"
Expiring (30 days),Por vencer (30 días),"HR Records, Compliance"
Expiring (30d),Por vencer (30 d),"HR Records, Employees, a filter"
Expiring Within 30 Days,Vencen en los próximos 30 días,"HR Records, Compliance"
Expiry,Vencimiento,"HR Records, Documents, Training and Other; Staff Management, the printed profile report; Forms, Form Library, a column; Forms, Submissions, a column; Forms, a submission's window"
Expiry Date,Fecha de vencimiento,"HR Records, adding a training record; Staff Management, Add Certification"
Expiry Date (optional),Fecha de vencimiento (opcional),"HR Records, adding a document"
Expiry in days (optional),Vencimiento en días (opcional),"Forms, editing a form"
Explain why this is being reassigned...,Explique por qué se reasigna...,"Issue Tracker, giving an issue to a person"
Explain why this task is being reassigned...,Explique por qué se reasigna esta tarea...,"Assigned Tasks, reassigning a task"
Export,Exportar,Service Catalog
Export AVL,Exportar la lista de aprobados,"Vendors, the list"
Export CSV,Exportar CSV,"Sites, Timeline; Inspections, Reports; Staff Management, the Timeline tab; Reports, Client ratings"
Export PDF,Exportar PDF,"Inspections, a completed inspection; Reports, a report being run; Settings, Roles and Permissions, the role reference; Reports, Client ratings"
Export data (CSV),Exportar datos (CSV),"Reports, Quick snapshots"
Extra Coverage,Cobertura adicional,Shift Pickup
Extra large,Muy grande,"The shell, the text size chooser"
Failed only,Solo fallidos,"Forms, PDF Access Log, a filter"
Failed to load aliases: {0},No se pudieron cargar los alias: {0},"Forms, Aliases, a toast"
Failed to load analytics: {0},No se pudieron cargar los análisis: {0},"Inspections, Reports"
Failed to load supplies,No se pudieron cargar los suministros,"Sites, Supplies"
Failure marked resolved.,Fallo marcado como resuelto.,"Forms, Sync Diagnostic, a toast"
Failures,Fallos,"Forms, Sync Diagnostic, a column"
Failures load failed: {0},No se pudieron cargar los fallos: {0},"Forms, Sync Diagnostic, a toast"
Fastest,Más rápido,Shift Pickup
Fetch error: {0},Error al obtener: {0},"Forms, Sync Diagnostic, a form's missing submissions"
Fetching from Jotform. This may take a moment for forms with many submissions...,Obteniendo de Jotform. Puede tardar un momento en formularios con muchos envíos...,"Forms, Sync Diagnostic, a form's missing submissions"
Fetching...,Obteniendo...,"Forms, Sync Diagnostic, while a submission is fetched"
File,Archivo,"HR Records, Documents and Other"
File fetch failed ({0}): {1},No se pudo obtener el archivo ({0}): {1},"HR Records; Staff Management, the HR Files tab"
File must be under 50MB,El archivo debe pesar menos de 50 MB,"Assigned Tasks, creating a task, a file that is too large; Sites"
Filed,Presentado,"Forms, Filed forms, a column"
Filed by,Presentado por,"Forms, Filed forms, a column"
Filed by {0},Presentado por {0},"Forms, a filed report, who filed it"
Filed forms,Formularios presentados,"Forms, the first tab, which the page opens on"
Filed forms ({0}),Formularios presentados ({0}),"Forms, the Filed forms tab, with how many filings are unfinished"
Filed {0},Presentado el {0},"Forms, a filed report, when it was filed"
Filing email to the team,Correo de presentación al equipo,"Cases, a case's window, the access log"
Fill Rate,Tasa de cobertura,Shift Pickup
Fill Rate by Reason,Tasa de cobertura por motivo,Shift Pickup
"Fill this in at your desk. Answers are saved when you press Save, and a sign-off is made with its own button.","Complete esta sección en su escritorio. Las respuestas se guardan al presionar Guardar, y la firma se hace con su propio botón.","Forms, a filed report, the supervisor section a person can fill in"
Filled through {0},Cubierto hasta el {0},"Schedule, Patterns, how far a pattern reaches"
Filter: {0},Filtro: {0},"Sites, the printed timeline; Staff Management, the printed timeline"
First Name,Nombre,"Staff Management, the Profile tab, the form; Staff Management, Edit Staff Info"
First Name *,Nombre *,"Staff Management, Add New Staff"
First Name A-Z,Nombre A-Z,"HR Records, Employees, the order"
First response (h),Primera respuesta (h),"Reports, adding or editing an issue report, a service level target"
"First response (h, median)","Primera respuesta (h, mediana)","Reports, the issue report, the trend chart's legend and tooltip"
Fl {0},Piso {0},"Shift Pickup, the floor on the shift line in a window; Assigned Tasks, where a task is; Sites, Service Details"
Floor,Piso,"Schedule, a pattern; Schedule; Shift Pickup; Assigned Tasks, the task window; Assigned Tasks, creating a task; Sites, adding or editing a task; Settings, Site Lookups"
Floor Plans ({0}),Planos ({0}),"Sites, General Info"
Floor plan removed,Plano quitado,"Sites, General Info"
Floor plan uploaded,Plano subido,"Sites, General Info"
Floor {0},Piso {0},"Schedule and Shift Pickup, a shift card; Assigned Tasks, the floor filter; Live Operations, where a person is"
Floor: {0},Piso: {0},"Shift Pickup, a shift card"
Floors,Pisos,"Settings, Site Lookups"
Folders API,API de carpetas,"Forms, Settings, the diagnostic"
Folders found,Carpetas encontradas,"Forms, Settings, the diagnostic"
For,Por,"Schedule, adding a shift, repeat for a number of weeks"
"For HR documents, you can also link from the HR Records page by selecting a synced submission in the Add Document modal.","Para documentos de personal, también puede vincular desde Expedientes de personal eligiendo un envío sincronizado en la ventana Agregar documento.","Forms, linking a submission to a record"
Force Fetch,Forzar descarga,"Forms, Sync Diagnostic, the missing submissions"
Force-fetch failed: {0},La descarga forzada falló: {0},"Forms, Sync Diagnostic, a toast"
Force-fetched {0} ({1}){2},Se forzó la descarga de {0} ({1}){2},"Forms, Sync Diagnostic, a toast"
Form,Formulario,"Forms, Filed forms, a column and the form filter; Forms, Submissions, a column; Forms, PDF Access Log, a column; Forms, Settings, the sync log; Forms, Sync Diagnostic, the failures; Forms, a submission's window"
Form Detail,Detalle del formulario,"Forms, Settings, the diagnostic"
Form sent. The people who handle these forms have been told.,Formulario enviado. Ya se avisó a las personas que atienden estos formularios.,"Forms, the form window, after Send"
Form Title,Título del formulario,"Forms, Sync Diagnostic, a column"
"Form catalog sync pulls the list of Jotform forms. Submissions sync pulls only new or updated submissions for enabled forms. Full Refresh bypasses the incremental filter and re-pulls every submission for every enabled form (use sparingly, see warning).","La sincronización del catálogo trae la lista de formularios de Jotform. La sincronización de envíos trae solo los envíos nuevos o actualizados de los formularios habilitados. La actualización completa omite el filtro incremental y vuelve a traer cada envío de cada formulario habilitado (úsela con moderación, vea la advertencia).","Forms, Settings"
Form default: {0},Del formulario: {0},"HR Records, a folder, a form's category"
Form updated,Formulario actualizado,"Forms, Form Library, the toast after a form is saved"
Forms,Formularios,"The shell; HR Records, Compliance"
Forms & Jotform Integration,Formularios e integración con Jotform,"Forms, the page's title for an admin"
Forms load failed: {0},No se pudieron cargar los formularios: {0},"Forms, a toast"
Forms with Gaps,Formularios con faltantes,"Forms, Sync Diagnostic, a tile"
Forms:,Formularios:,"Forms, the Jotform line at the top"
French,Francés,"HR Records, logging training for several people, the language a session was given in"
Fri,Vie,Schedule; Shift Pickup
Friday,Viernes,"Settings, the Company tab, the day a pay period starts"
From the app,Desde la aplicación,"Forms, Filed forms, under a form filed from the staff app"
From the dashboard,Desde el panel,"Forms, Filed forms, under a form filed from here"
From: {0},Desde: {0},"Sites, the printed timeline; Staff Management, the printed timeline"
Full Refresh,Actualización completa,"Forms, Settings"
Full Refresh. Read Before Running.,Actualización completa. Lea esto antes de ejecutarla.,"Forms, Settings, the full refresh window"
Full Time,Tiempo completo,"Staff Management, the printed profile report, an employment type"
Full name,Nombre completo,"Staff Management, the Profile tab, the form, an example"
"Full refresh complete. Processed {0} submissions ({1} new, {2} updated) across {3} form(s)","Actualización completa terminada. Se procesaron {0} envíos ({1} nuevos, {2} actualizados) en {3} formulario(s)","Forms, Settings, the toast after a full refresh"
Full refresh failed: {0},La actualización completa falló: {0},"Forms, Settings, a toast"
F{0},P{0},"Schedule, Week, the floor beside a building name, short"
General,General,"Issue Tracker and Assigned Tasks, the zone when none is set; Inventory, a request for no one supply"
General Info,Información general,"Sites, a site's profile"
Generated by {0} Operations Platform,Generado por la plataforma de operaciones de {0},"Inspections, the printed reports"
Generated {0},Generado el {0},"Sites, the printed chat history and timeline, the date printed; Staff Management, the printed timeline; HR Records, the printed attendance sheet"
Given in English,Impartida en inglés,"HR Records, logging training for several people, the line a record's notes carry, saved in English; HR Records, Training, a training's session; HR Records, the printed attendance sheet"
Given in French,Impartida en francés,"HR Records, logging training for several people, the line a record's notes carry, saved in English; HR Records, Training, a training's session; HR Records, the printed attendance sheet"
Given in Spanish,Impartida en español,"HR Records, logging training for several people, the line a record's notes carry, saved in English; HR Records, Training, a training's session; HR Records, the printed attendance sheet"
Green,Ecológico,"Sites, Supplies, a supply with a green certification; Inventory, a supply with a green certification; Reports, the supply report's printed page"
Green Cert Type,Tipo de certificación ecológica,"Inventory, adding or editing a supply"
Green Certified Product,Producto con certificación ecológica,"Inventory, adding or editing a supply"
Green certified,Con certificación ecológica,"Reports, the supply report, a chart's legend"
Green-certified share,Proporción con certificación ecológica,"Reports, adding or editing a supply report"
Green-certified share of cost,Proporción del costo con certificación ecológica,"Reports, the supply report, a chart"
Green-certified share of estimated cost: {0} of {1},Proporción del costo estimado con certificación ecológica: {0} de {1},"Reports, the supply report's printed page"
HR - Onboarding,RR. HH. - Incorporación,"HR Records, a record's category"
HR - Ongoing / Annual,RR. HH. - Continuo / Anual,"HR Records, a record's category"
HR Document,Documento de personal,"Forms, linking a submission, a kind of record"
HR Files,Archivos de personal,"Staff Management, a person's profile, a tab"
HR Onboarding Step,Paso de incorporación,"Forms, linking a submission, a kind of record"
HR Records,Expedientes de personal,The shell
HR Training Record,Registro de capacitación,"Forms, linking a submission, a kind of record"
Hand over,Entregar,"Cases, a case's window"
Hand to,Entregar a,"Cases, a case's window"
Has details,Tiene detalles,"Sites, Service Details"
Has original PDF (show PDF buttons),Tiene PDF original (mostrar los botones de PDF),"Forms, editing a form"
Hawaii Time (Honolulu),Hora de Hawái (Honolulu),"Settings, the Company tab, a time zone"
Held by,A cargo de,"Cases, the list, a column; Cases, a case's window"
Help,Ayuda,The shell; Help
Hide,Ocultar,"Live Operations, hiding the people who have not started; Forms, Sync Diagnostic"
Hide manual entry,Ocultar la entrada manual,"HR Records, adding a document"
Hide test accounts,Ocultar las cuentas de prueba,"HR Records, Employees"
High,Alta,"Reports, a severity, which agrees with severidad; Reports, the issue report's filter and printed page; Reports, the issue report, a chart's legend"
Higher means more spend,Más alto significa más gasto,"Reports, the supply report, a chart"
Hire Date,Fecha de contratación,"Staff Management, the printed profile report; Staff Management, the Profile tab"
Hire Date (newest),Fecha de contratación (más reciente),"HR Records, Employees, the order"
Hire Date (oldest),Fecha de contratación (más antigua),"HR Records, Employees, the order"
Hired {0},Contratación: {0},"HR Records, a folder"
Hourly Rate,Tarifa por hora,"Staff Management, the printed profile report; Staff Management, the Profile tab"
Hours,Horas,"Schedule, Patterns; Schedule, Time off; Schedule, a time off request; Staff Management, the printed profile report"
"Hours, lower is better","Horas, menos es mejor","Reports, the issue report, a chart"
How aliases work.,Cómo funcionan los alias.,"Forms, Aliases, the note"
How is this service priced?,¿Cómo se cobra este servicio?,"Service Catalog, adding or editing a service"
How to read this.,Cómo leer esto.,"Forms, Sync Diagnostic, the note"
ID {0},ID {0},"Forms, Submissions, the toast after auto-link, how each match was made"
Inbox,Bandeja de entrada,"Forms, the Jotform tab, the first section, which holds the submissions"
IP,IP,"Forms, PDF Access Log, a column"
In Progress,En curso,"Assigned Tasks, the state filter; Inspections, Scheduled, a filter"
In app,En la aplicación,"Settings, Who gets told"
Inactive only,Solo inactivas,"HR Records, Employees, the status filter, which agrees with personas"
Inheriting form's category. Pick a value to override.,Usa la categoría del formulario. Elija un valor para cambiarla.,"HR Records, a folder, a form's category"
Initialize Onboarding,Iniciar la incorporación,"HR Records, Onboarding"
Inspection,Inspección,"Schedule; Inspections, Scheduled and Completed; Forms, linking a submission, a kind of record"
Inspection Analytics Report,Informe de análisis de inspecciones,"Inspections, Reports, the printed report"
Inspection Details,Detalles de la inspección,Schedule
Inspection Report,Informe de inspección,"Inspections, an inspection's printed report"
Inspection Scores and Quality,Puntajes de inspección y calidad,"Reports, the inspection report and its printed page"
Inspection Templates,Plantillas de inspección,"Inspections, Templates"
Inspection and Quality,Inspecciones y calidad,"Reports, a report's source"
Inspection cancelled,Inspección cancelada,"Schedule; Inspections, an inspection"
Inspection photo,Foto de la inspección,"Inspections, an inspection, a line item's photo"
Inspection report settings,Configuración del informe de inspecciones,"Reports, adding or editing an inspection report"
Inspection rescheduled,Inspección reprogramada,Schedule
Inspection results over the selected period,Resultados de las inspecciones en el periodo seleccionado,"Reports, the inspection report"
Inspection scheduled,Inspección programada,"Inspections, scheduling an inspection"
Inspection score percent,Porcentaje de puntaje de inspección,"Reports, the inspection report, a chart"
Inspection score trend,Tendencia del puntaje de inspección,"Reports, the inspection report, a chart"
Inspection scores by site,Puntajes de inspección por sitio,Dashboard
Inspection templates and scheduling,Plantillas y programación de inspecciones,"Settings, Roles and Permissions, a capability's name"
Inspection updated,Inspección actualizada,"Inspections, editing a scheduled inspection"
Inspections,Inspecciones,"The shell; Schedule; Sites; Inspections, Reports, the printed report; Reports, the inspection report and its printed page; Staff Management, Timeline, a kind of entry"
Inspections (Last 30 Days),Inspecciones (últimos 30 días),"Sites, Shifts & Schedule"
Inspections in period,Inspecciones en el periodo,"Reports, the inspection report's printed page"
Inspections: templates and scheduling,Inspecciones: plantillas y programación,"Settings, Roles and Permissions, the role reference"
Install,Instalar,"The add to home screen sheet, the button on Android"
Integrations,Integraciones,The shell
Integrations and forms,Integraciones y formularios,"Settings, Roles and Permissions, the role reference; Settings, Roles and Permissions, a capability's name"
Internal notes about this employee...,Notas internas sobre esta persona...,"Staff Management, the Profile tab, the form, an example"
Inventory,Inventario,The shell
Inventory ({0}),Inventario ({0}),"Inventory, a tab"
Inventory usage and requests,Uso del inventario y solicitudes,"Settings, Roles and Permissions, the role reference"
Issue,Incidencia,"Issue Tracker, the issue photo for a screen reader; Assigned Tasks, a task made from an issue; Forms, linking a submission, a kind of record"
Issue Detail,Detalle de la incidencia,"Issue Tracker, the issue window"
Issue Response and Resolution,Respuesta y resolución de incidencias,"Reports, the issue report and its printed page; Reports, a report's source"
Issue Tracker,Registro de incidencias,The shell; Issue Tracker
Issue report settings,Configuración del informe de incidencias,"Reports, adding or editing an issue report"
Issue to task assignment,Asignación de incidencias a tareas,"Settings, Roles and Permissions, the role reference"
Issued Date,Fecha de emisión,"Staff Management, Add Certification"
Issuer,Entidad emisora,"Staff Management, the printed profile report, the certifications"
Issues,Incidencias,"The shell; Sites, Timeline; Staff Management, Timeline, a kind of entry"
Issues Report,Informe de incidencias,"Reports, Quick snapshots, a CSV export"
Issues Summary,Resumen de incidencias,"Reports, Quick snapshots"
Issues: report and track,Incidencias: informar y dar seguimiento,"Settings, Roles and Permissions, the role reference"
Issuing Body,Entidad emisora,"Staff Management, Add Certification"
"It opens like an app, one tap from your home screen.","Se abre como una aplicación, a un toque desde su pantalla de inicio.","The add to home screen sheet, under the title"
Item,Elemento,"Inspections, Reports; Inspections, the printed reports; Reports, the inspection report's printed page; Forms, a filed report, a checklist's first column"
Item Label *,Nombre del elemento *,"Inspections, a template, adding a line item"
Item added,Elemento agregado,"Inspections, a template, adding a line item"
Item label,Nombre del elemento,"Inspections, a template, editing a line item"
Item saved,Elemento guardado,"Inspections, a template, editing a line item"
Items Scored,Elementos calificados,"Inspections, Reports, the printed report"
JOTFORM_API_KEY not configured,JOTFORM_API_KEY no está configurada,"Forms, when the API has no Jotform key"
Jotform,Jotform,"Forms, Sync Diagnostic, a column"
"Jotform API limits vary by account tier. Free accounts allow 1,000 calls per day. Each enabled form costs one API call, plus one per 1,000 submissions. If you have many forms with many submissions, a full refresh could consume a large portion of your daily quota.","Los límites de la API de Jotform dependen del tipo de cuenta. Las cuentas gratuitas permiten 1,000 llamadas por día. Cada formulario habilitado cuesta una llamada, más una por cada 1,000 envíos. Si tiene muchos formularios con muchos envíos, una actualización completa puede consumir gran parte de su cuota diaria.","Forms, Settings, the full refresh window"
Jotform Account,Cuenta de Jotform,"Forms, Settings"
Jotform Form,Formulario de Jotform,"HR Records, a folder, where a record came from"
Jotform Form ID,ID del formulario en Jotform,"Forms, editing a form"
Jotform Reference,Referencia de Jotform,"HR Records, editing a document"
Jotform Submission (optional),Envío de Jotform (opcional),"HR Records, adding a document"
Jotform Submission ID,ID del envío en Jotform,"Forms, Sync Diagnostic, the missing submissions, a column"
Jotform Submissions,Envíos en Jotform,"Forms, Sync Diagnostic, a tile"
Jotform submission ID or URL,ID o enlace del envío de Jotform,"HR Records, adding or editing a document"
Jotform:,Jotform:,"Forms, the Jotform line at the top; Forms, Sync Diagnostic, a form's missing submissions"
Keep at least one of Email or In app on.,Deje activado al menos Correo o En la aplicación.,"Settings, Who gets told"
Keep filling,Seguir llenando,"Forms, the form window, the question before it closes"
Key Status,Estado de la clave,"Forms, Settings"
Key:,Clave:,"Forms, the Jotform line at the top"
Leave,Salir,"Forms, the form window, the question before it closes"
"Leave this form? Your saved answers stay, and you can continue from Filed forms.",¿Salir de este formulario? Sus respuestas guardadas se quedan y puede continuar desde Formularios presentados.,"Forms, the form window, the question before it closes"
LIVE,EN VIVO,The shell
Label,Nombre,"Sites, General Info, a floor plan's name; Settings, Dropdown Options; Settings, Site Lookups"
Label (displayed),Nombre (se muestra),"Settings, Dropdown Options"
Label (displayed) *,Nombre (se muestra) *,"Settings, Dropdown Options"
Label *,Nombre *,"Settings, Dropdown Options"
Label and slug required,El nombre y el identificador son obligatorios,"Settings, Dropdown Options"
Label and zone required,La descripción y la zona son obligatorias,"Sites, adding a task"
Labels API,API de etiquetas,"Forms, Settings, the diagnostic"
Labels found,Etiquetas encontradas,"Forms, Settings, the diagnostic"
Labor reports,Informes de mano de obra,"Settings, Roles and Permissions, the role reference"
Language,Idioma,"The shell, the language chooser"
Language it was given in,Idioma en que se impartió,"HR Records, logging training for several people"
Large,Grande,"The shell, the text size chooser"
Largest,Máximo,"The shell, the text size chooser"
Last 30 Days,Últimos 30 días,"The shell, the date range; Shift Pickup; Inspections, Reports, the dates; Reports, adding or editing a report, the default range; Reports, a report's date range"
Last 60 Days,Últimos 60 días,"Inspections, Reports, the dates; Reports, adding or editing a report, the default range; Reports, a report's date range"
Last 90 Days,Últimos 90 días,"The shell, the date range; Inspections, Reports, the dates; Reports, adding or editing a report, the default range; Reports, a report's date range"
Last Inspection,Última inspección,"Sites, Shifts & Schedule"
Last Matched,Última coincidencia,"Forms, Aliases, a column"
Last Name,Apellido,"Staff Management, the Profile tab, the form; Staff Management, Add New Staff; Staff Management, Edit Staff Info"
Last Name A-Z,Apellido A-Z,"HR Records, Employees, the order"
Last Name Z-A,Apellido Z-A,"HR Records, Employees, the order"
Last Review Date,Fecha de la última revisión,"Vendors, adding or editing a vendor"
Last Sync,Última sincronización,"Forms, Form Library, a column"
Last Sync:,Última sincronización:,"Forms, the Jotform line at the top"
Last Synced,Última sincronización,"Forms, Sync Diagnostic, a column"
Last Week,La semana pasada,"The shell, the date range; Schedule; Shift Pickup"
Last activity,Última actividad,"HR Records, Employees, a card"
Last day,Último día,"Schedule, a pattern; Reports, Monthly client reports, New monthly report, the last day of the period"
Last refreshed: {0},Última actualización: {0},"Forms, Sync Diagnostic"
Last updated,Última actualización,"Cases, a case's window"
Last {0} to {1},Del {0} al {1},"Inspections, Reports, the printed report's dates"
Latest,Más reciente,"Reports, the inspection report's printed page, a site's latest score"
Latest Date,Última fecha,"Inspections, Reports, the printed report"
Latest Score,Último puntaje,"Inspections, Reports, the printed report"
Latest: {0},Última: {0},"Inspections, Reports, a site's latest inspection, which agrees with inspección"
Lead Time (days),Tiempo de entrega (días),"Vendors, linking a supply"
Legal / Consent,Legal / Consentimiento,"HR Records, a record's category"
Legal name,Nombre legal,"Settings, the Company tab"
Light Mode,Modo claro,The shell
Light mode,Modo claro,The shell
Link,Vínculo,"Forms, Submissions, a column"
Link Site,Vincular un sitio,"Service Catalog, a service; Service Catalog, linking a site"
Link Site to Service,Vincular un sitio al servicio,"Service Catalog, linking a site"
Link Submission to Record,Vincular el envío a un registro,"Forms, linking a submission to a record"
Link Supply,Vincular un suministro,"Vendors, a vendor; Vendors, linking a supply"
Link Supply to Vendor,Vincular un suministro al proveedor,"Vendors, linking a supply"
Link failed: {0},No se pudo vincular: {0},"Forms, a submission's window, a toast"
Link to Record,Vincular a un registro,"Forms, a submission's window"
Link to the app,Enlace a la aplicación,"Settings, Who gets told"
Link to user...,Vincular a una persona...,"Forms, a submission's window"
Link: Any,Vínculo: todos,"Forms, Submissions, a filter"
Linked,Vinculado,"Forms, Submissions, a status; Forms, a submission linked to a record"
Linked Supplies,Suministros vinculados,"Vendors, a vendor"
Linked only,Solo vinculados,"Forms, Submissions, a filter"
Linked to user,Vinculado a la persona,"Forms, a submission's window, a toast"
Linked to {0},Vinculado a {0},"Forms, a submission's window, the record it is linked to"
Linked. New {0} alias recorded.,Vinculado. Se registró un nuevo alias de {0}.,"Forms, a submission's window, linking it to a person"
Linked. Warning: {0}. Review the Aliases tab to resolve.,Vinculado. Aviso: {0}. Revise la pestaña Alias para resolverlo.,"Forms, a submission's window, linking it to a person"
Linking...,Vinculando...,"Forms, Submissions, while auto-link runs"
Live Answers (fetched from Jotform),Respuestas en vivo (obtenidas de Jotform),"Forms, a submission's window"
Live Operations,Operaciones en vivo,The shell
Live Ops,Operaciones en vivo,The shell
Load More,Ver más,"Sites, Timeline"
Load more,Ver más,"The bell; Forms, Filed forms"
Loading HR files...,Cargando los archivos de personal...,"Staff Management, the HR Files tab"
Loading aliases...,Cargando los alias...,"Forms, Aliases"
Loading analytics...,Cargando los análisis...,"Inspections, Reports"
Loading buildings...,Cargando los edificios...,Schedule
Loading cases...,Cargando los casos...,"Cases, the list"
Loading company settings...,Cargando la configuración de la empresa...,"Settings, the Company tab"
Loading folder...,Cargando la carpeta...,"HR Records, a folder"
Loading from Jotform...,Cargando desde Jotform...,"Forms, a submission's window"
Loading patterns...,Cargando los patrones...,"Schedule, Patterns"
Loading permissions...,Cargando los permisos...,"Settings, Roles and Permissions, by person"
Loading record details...,Cargando los datos del registro...,"Staff Management, a record's window"
Loading reports...,Cargando los informes...,"Reports, the library; Forms, Filed forms"
Loading schedule...,Cargando el horario...,Schedule
Loading settings...,Cargando la configuración...,"Settings, the page"
Loading submissions...,Cargando los envíos...,"HR Records, adding a document"
Loading team...,Cargando el equipo...,"Settings, Roles and Permissions, by person"
Loading time off...,Cargando el tiempo libre...,"Schedule, Time off"
Loading timeline...,Cargando el historial...,"Staff Management, the Timeline tab"
Loading...,Cargando...,"The shell; The bell; Dashboard; Schedule, a pattern; Shift Pickup; Assigned Tasks; Sites; HR Records; Reports, a report being run; Settings, Who gets told; HR Records, Training, who has no record of a training; Forms, a filed report; Forms, Sync Diagnostic; Forms, Aliases"
Locked on,Siempre activo,"Settings, Roles and Permissions, by person"
Log training for several people,Registrar capacitación de varias personas,"HR Records, Training; HR Records, logging training for several people"
Logo,Logotipo,"Settings, the Company tab"
Logo must be an image file,El logotipo debe ser un archivo de imagen,"Settings, the Company tab"
Logo must be under 10MB,El logotipo debe pesar menos de 10 MB,"Settings, the Company tab"
Logo uploaded. Click Save to keep it.,Logotipo subido. Haga clic en Guardar para conservarlo.,"Settings, the Company tab"
Logout,Cerrar sesión,The shell
Low,Baja,"Reports, a severity, which agrees with severidad; Reports, the issue report's filter and printed page; Reports, the issue report, a chart's legend"
Low Stock,Existencias bajas,"Inventory, a supply below its threshold"
Low Threshold,Existencias mínimas,"Inventory, adding or editing a supply"
Lowest Scoring Items,Elementos con el puntaje más bajo,"Inspections, Reports"
Lowest-scoring items,Elementos con el puntaje más bajo,"Reports, adding or editing an inspection report; Reports, the inspection report, a chart and its printed page"
Maintenance,Mantenimiento,"Forms, the Jotform tab, the third section, which holds Settings, Sync Diagnostic and Aliases"
Manage roles and permissions,Administrar roles y permisos,"Settings, Roles and Permissions, a capability's name"
Manual time entry and shift edits,Registro manual de horas y cambios de turnos,"Settings, Roles and Permissions, the role reference; Settings, Roles and Permissions, a capability's name"
Manually linking a submission via the Submissions tab automatically records aliases. You can also add them above.,Vincular a mano un envío desde la pestaña Envíos registra alias automáticamente. También puede agregarlos arriba.,"Forms, Aliases"
Manufacturer,Fabricante,"Inventory, adding or editing a supply"
Mark Reviewed,Marcar como revisado,"Forms, a submission's window"
Mark all read,Marcar todo como leído,The bell
Mark as preferred vendor for this supply,Marcar como proveedor preferido de este suministro,"Vendors, linking a supply"
Marketplace,Tablero,"Sites, Timeline; Staff Management, Timeline, a kind of entry"
Marketplace Coverage (Last 30 Days),Cobertura en el tablero (últimos 30 días),"Sites, Shifts & Schedule"
Matched Employee,Persona asociada,"Forms, Submissions, a column; Forms, a submission's window"
Matched: {0},Coincidentes: {0},"Forms, Submissions, the toast after the PDF backfill and after auto-link"
Matches,Coincidencias,"Forms, Aliases, a column"
Max Score (points),Puntaje máximo (puntos),"Inspections, a template, adding a line item"
Max score,Puntaje máximo,"Inspections, a template, editing a line item"
Median,Mediana,Shift Pickup
Median (min),Mediana (min),Shift Pickup
Median first response,Mediana de primera respuesta,"Reports, the issue report and its printed page"
Median hours per {0},Mediana de horas por {0},"Reports, the issue report, a chart, {0} is day, week or month"
Median resolution,Mediana de resolución,"Reports, the issue report and its printed page"
Median resolution (h),Mediana de resolución (h),"Reports, the issue report, a chart's tooltip"
Median resolution by site,Mediana de resolución por sitio,"Reports, the issue report, a chart"
Medium,Media,"Reports, a severity, which agrees with severidad; Reports, the issue report's filter and printed page; Reports, the issue report, a chart's legend"
Menu,Menú,"The shell, on a phone"
Messages,Mensajes,"The shell; Messages; Settings, Roles and Permissions, the role reference"
"Min order, availability notes...","Pedido mínimo, notas de disponibilidad...","Vendors, linking a supply"
Min: {0},Mín.: {0},"Sites, Supplies"
Missing IDs load failed: {0},No se pudieron cargar los ID faltantes: {0},"Forms, Sync Diagnostic, a toast"
Missing:,Faltantes:,"Forms, Sync Diagnostic, a form's missing submissions"
Mon,Lun,Schedule; Shift Pickup
Monday,Lunes,"Settings, the Company tab, the day a pay period starts"
Month,Mes,"Schedule; Reports, Client ratings, the printed page"
Monthly,Mensual,"Sites, editing a site, Billing; Reports, a trend's bucket"
Monthly Totals,Totales del mes,Shift Pickup
Monthly Value,Valor mensual,"Sites, General Info"
Monthly Value ($),Valor mensual ($),"Sites, editing a site"
More,Más,"The shell, on a phone"
Most Recent Activity,Actividad más reciente,"HR Records, Employees, the order"
Most recent inspection per site,Inspección más reciente por sitio,Dashboard
Mountain Time (Denver),Hora de la Montaña (Denver),"Settings, the Company tab, a time zone"
"Mountain Time, no daylight saving (Phoenix)","Hora de la Montaña, sin horario de verano (Phoenix)","Settings, the Company tab, a time zone"
N/A,N/D,"Sites, a site's profile; Sites, a record's printed page; Staff Management, a record's printed page; Staff Management, a record's window"
Name,Nombre,"Sites, General Info; Inventory, editing a supply; Reports, adding or editing a report; Staff Management, the printed profile report; Staff Management, the list"
Name *,Nombre *,"Sites, adding a site; Inventory, adding a supply"
Name and address required,El nombre y la dirección son obligatorios,"Sites, adding a site"
Name and category are required,El nombre y la categoría son obligatorios,"HR Records, adding an onboarding step"
Name required,El nombre es obligatorio,"Inspections, adding a template; Staff Management, Add Certification"
"Name, category, and unit required","El nombre, la categoría y la unidad son obligatorios","Inventory, adding a supply"
"Name, phone, and email required","El nombre, el teléfono y el correo son obligatorios","Staff Management, Add New Staff, when one is missing"
Names already used,Nombres ya usados,"HR Records, logging training for several people, the training names offered as a name is typed"
Needs response,Necesitan respuesta,"Cases, the list, a tab"
New Gear Request,Solicitud de equipo nuevo,"Inventory, Requests, a request's type"
New Inspection Template,Nueva plantilla de inspección,"Inspections, adding a template"
New PIN (4 digits),PIN nuevo (4 dígitos),"Staff Management, Reset PIN"
New Shift,Turno nuevo,Shift Pickup
New Shifts,Turnos nuevos,Shift Pickup
New Supply Request,Solicitud de suministro nuevo,"Inventory, Requests, a request's type"
New Template,Nueva plantilla,"Inspections, Templates"
New report,Nuevo informe,"Reports, the library; Reports, adding a report"
Next,Siguiente,"The shell, under a table"
Next >,Siguiente >,Schedule
Next Week,La próxima semana,Schedule
No,No,"Reports, the supply report's printed page, whether a supply is green certified; Cases, the list; Cases, a case's window; Forms, a filed report, a box left empty; Forms, Sync Diagnostic, the failures"
No form to start.,No hay formularios para iniciar.,"Forms, Filed forms, the picker with nothing the API lists"
No forms found. Press Sync Form Catalog under Maintenance to pull your account's forms.,No se encontraron formularios. Presione Sincronizar el catálogo de formularios en Mantenimiento para traer los formularios de su cuenta.,"Forms, Jotform, Forms, with no form synced"
No HR records on file for this employee yet.,Todavía no hay expedientes de personal para esta persona.,"HR Records, a folder"
"No PDF access events recorded yet. Events appear here as soon as anyone views, downloads, or prints a submission PDF.","Todavía no hay accesos a PDF registrados. Aparecerán aquí en cuanto alguien vea, descargue o imprima el PDF de un envío.","Forms, PDF Access Log, with no events"
No photos,Sin fotos,"Forms, a filed report, a photos question with nothing on it"
No Show,No se presentó,Schedule
No activity found for this filter.,No se encontró actividad con este filtro.,"Staff Management, the Timeline tab"
No activity recorded for this site,No hay actividad registrada para este sitio,"Sites, Timeline"
No aliases recorded yet.,Todavía no hay alias registrados.,"Forms, Aliases"
No approved vendors to export,No hay proveedores aprobados para exportar,"Vendors, Export AVL"
No assigned tasks found.,No se encontraron tareas asignadas.,"Assigned Tasks, when the list is empty"
No buildings configured,No hay edificios configurados,Schedule
No buildings defined for this site yet.,Este sitio todavía no tiene edificios.,"Settings, Site Lookups"
No cases.,No hay casos.,"Cases, the list"
No certifications on file,No hay certificaciones archivadas,"Staff Management, the Certifications tab"
No checklist initialized,No se ha iniciado la lista,"HR Records, Onboarding"
No completed inspections in the selected date range. Complete some inspections to see analytics here.,No hay inspecciones completadas en el rango de fechas elegido. Complete algunas inspecciones para ver aquí los análisis.,"Inspections, Reports"
No completed inspections in this range yet.,Todavía no hay inspecciones completadas en este rango.,"Reports, the inspection report and its score trend; Reports, the inspection report, an empty chart"
No completed inspections yet.,Todavía no hay inspecciones completadas.,"Inspections, Completed"
No conversations.,No hay conversaciones.,"Messages, when nobody has written"
No data to export,No hay datos para exportar,"Sites, Timeline; Inspections, Reports; Reports, exporting a report's PDF; Staff Management, the Timeline tab"
No data to print,No hay datos para imprimir,"Sites, Timeline; Staff Management, the Timeline tab"
No data yet.,Todavía no hay datos.,"Reports, Quick snapshots"
No description,Sin descripción,"Settings, Dropdown Options"
No documents found. Use Add Document to upload.,No se encontraron documentos. Use Agregar documento para subir uno.,"HR Records, Documents"
No documents match this search.,Ningún documento coincide con la búsqueda.,"HR Records, Documents"
No documents on file,No hay documentos archivados,"Staff Management, the HR Files tab"
No employees match your filters.,Ninguna persona coincide con los filtros.,"HR Records, Employees"
No enabled forms to diagnose.,No hay formularios habilitados para diagnosticar.,"Forms, Sync Diagnostic"
No end,Sin fin,"Schedule, a pattern"
No end date,Sin fecha de fin,Schedule
No entries yet.,Todavía no hay entradas.,"Cases, a case's window, the access log"
No evaluations on file,No hay evaluaciones registradas,"Vendors, a vendor"
No file,Sin archivo,"HR Records, Documents and Other; Staff Management, the HR Files tab"
No floors defined for this site yet.,Este sitio todavía no tiene pisos.,"Settings, Site Lookups"
No inspections match these filters.,Ninguna inspección coincide con estos filtros.,"Inspections, Scheduled"
No inspections match this search.,Ninguna inspección coincide con la búsqueda.,"Inspections, Completed"
No inspections recorded yet.,Todavía no hay inspecciones registradas.,Dashboard
No issue activity in this range yet.,Todavía no hay actividad de incidencias en este rango.,"Reports, the issue report"
No items filed under Other. Use Add Other to upload.,No hay nada archivado en Otros. Use Agregar otro para subir algo.,"HR Records, Other"
No items in this category.,No hay elementos en esta categoría.,"HR Records, a folder"
No items match this search.,Ningún elemento coincide con la búsqueda.,"HR Records, Other"
No items yet. Add your first line item below.,Todavía no hay elementos. Agregue el primero abajo.,"Inspections, a template"
No logo,Sin logotipo,"Settings, the Company tab"
No match: {0},Sin coincidencias: {0},"Forms, Submissions, the toast after auto-link"
No matching pages,Ninguna página coincide,The shell
No messages in this site channel,No hay mensajes en el canal de este sitio,"Sites, Chat"
No messages to print,No hay mensajes para imprimir,"Sites, Chat"
No messages yet,Todavía no hay mensajes,"Messages, a conversation with nothing in it, in the list"
No messages yet.,Todavía no hay mensajes.,"Messages, a conversation with nothing in it"
No missing submissions. This form is in sync.,No faltan envíos. Este formulario está sincronizado.,"Forms, Sync Diagnostic, a form's missing submissions"
No note,Sin nota,"Schedule, a time off request"
No patterns yet. Turn on Repeat when adding a shift to create one.,Todavía no hay patrones. Active Repetir al agregar un turno para crear uno.,"Schedule, Patterns"
No pending inspections.,No hay inspecciones pendientes.,"Inspections, Scheduled"
No photo attached for this item.,Este elemento no tiene una foto adjunta.,"Inspections, an inspection, a line item"
No pickup activity found in this period.,No hay actividad de turnos disponibles en este periodo.,Shift Pickup
No problems reported yet.,Todavía no se ha reportado ningún problema.,"Issue Tracker, the list when no issue has been reported"
No reason given,Sin motivo,"Schedule, a time off request"
No records match this search.,Ningún registro coincide con la búsqueda.,"HR Records, Training"
No reports filed yet.,Todavía no se ha presentado ningún informe.,"Forms, Filed forms"
No role,Sin rol,"HR Records, a person with no role; Staff Management, the Assignments tab"
No saved reports yet. Use New report to create one.,Todavía no hay informes guardados. Use Nuevo informe para crear uno.,"Reports, an empty library"
No scope of work documented yet.,Todavía no se ha documentado el alcance del trabajo.,"Sites, Scope of Work"
No services to export,No hay servicios para exportar,"Service Catalog, Export"
No services yet.,Todavía no hay servicios.,"Service Catalog, an empty list"
No shift,Sin turno,"Staff Management, the Assignments tab"
No shift started on {0} ({1}),Sin turno iniciado el {0} ({1}),"Live Operations, the people who did not start on a day that is not today, and how many"
No shift started today ({0}),Sin turno iniciado hoy ({0}),"Live Operations, the people who have not started, and how many"
No shifts found for this period and filter.,No hay turnos en este periodo con este filtro.,Shift Pickup
No shifts on these days.,No hay turnos en estos días.,"Schedule, a time off request"
No shifts started on {0}.,Ningún turno iniciado el {0}.,"Live Operations, a day that is not today with nobody started"
No shifts started yet today.,Todavía no ha iniciado ningún turno hoy.,Dashboard; Live Operations
No site,Sin sitio,"Forms, Filed forms, a report with no site; Forms, a filed report"
No sites,Sin sitios,"Staff Management, the list, the Sites column"
No sites assigned,No tiene sitios asignados,"Staff Management, the Assignments tab"
No sites found.,No se encontraron sitios.,"Sites, the list"
No sites linked yet,Todavía no hay sitios vinculados,"Service Catalog, a service"
No specific service,Ningún servicio en particular,Schedule
No staff assigned,No hay personal asignado,"Sites, General Info; HR Records, logging training for several people, a site with nobody active assigned"
No staff match that search,Ninguna persona coincide con esa búsqueda,"Schedule; HR Records, logging training for several people"
No staff match these filters.,Ninguna persona coincide con estos filtros.,"Staff Management, the list"
"No submissions found. Click ""Sync All Submissions"" above to pull the latest.","No se encontraron envíos. Presione ""Sincronizar todos los envíos"" arriba para traer los más recientes.","Forms, Submissions, with no submissions"
No submissions found. Press Sync All Submissions under Maintenance to pull the latest.,No se encontraron envíos. Presione Sincronizar todos los envíos en Mantenimiento para traer los más recientes.,"Forms, Jotform, Inbox, with no submission synced"
No supervisor questions on this form.,Este formulario no tiene preguntas para el supervisor.,"Forms, a filed report"
No supplies assigned to this site,No hay suministros asignados a este sitio,"Sites, Supplies"
No supplies configured.,No hay suministros configurados.,"Inventory, an empty list"
No supplies linked yet,Todavía no hay suministros vinculados,"Vendors, a vendor"
No supply requests yet.,Todavía no hay solicitudes de suministros.,"Inventory, Requests"
No supply usage in this range yet.,Todavía no hay uso de suministros en este rango.,"Reports, the supply report and its cost trend; Reports, the supply report, an empty chart"
No sync operations yet.,Todavía no hay sincronizaciones.,"Forms, Settings, the sync log"
No tasks configured for this site,No hay tareas configuradas para este sitio,"Sites, Service Details"
No team member selected.,No hay ninguna persona del equipo seleccionada.,"Settings, Roles and Permissions, by person"
No templates yet. Create one to get started.,Todavía no hay plantillas. Cree una para empezar.,"Inspections, Templates"
No training records,No hay registros de capacitación,"Staff Management, the HR Files tab"
No training records found.,No se encontraron registros de capacitación.,"HR Records, Training; HR Records, Training, who has no record of a training"
No unfinished reports.,No hay informes sin terminar.,"Forms, Filed forms"
"No unlinked Jotform submissions for this employee. Sync the Forms page if needed, or use manual entry.","Esta persona no tiene envíos de Jotform sin vincular. Sincronice la página Formularios si hace falta, o use la entrada manual.","HR Records, adding a document"
No unresolved failures. Sync is healthy.,No hay fallos sin resolver. La sincronización está en orden.,"Forms, Sync Diagnostic"
No upcoming scheduled shifts found.,No hay turnos programados próximos.,Shift Pickup
No upcoming shifts,No hay próximos turnos,"Sites, Shifts & Schedule"
"No values yet. Click ""+ Add Value"" to add one.","Todavía no hay valores. Haga clic en ""+ Agregar valor"" para agregar uno.","Settings, Dropdown Options"
No vendors match these filters.,Ningún proveedor coincide con estos filtros.,"Vendors, the list"
No vendors yet. Use Add Vendor to start.,Todavía no hay proveedores. Use Agregar proveedor para empezar.,"Vendors, an empty list"
No zones defined for this site yet.,Este sitio todavía no tiene zonas.,"Settings, Site Lookups"
No-Show,No se presentó,Shift Pickup
No-Shows,No se presentaron,Shift Pickup
Nobody else can read a Speak Up report,Nadie más puede leer un informe de Confianza,"Settings, Who gets told, a kind of report"
Nobody set. Every admin gets a notice in the app.,No hay nadie. Cada administrador recibe un aviso en la aplicación.,"Settings, Who gets told"
Nobody yet,Nadie todavía,"Cases, a case's window, when nobody holds the case"
Non-onboarding,No de incorporación,"Forms, Form Library, a filter"
Normal,Normal,Shift Pickup
Not answered,Sin responder,"Forms, a filed report, a question with no answer"
Not available,No disponible,"Forms, Settings, the diagnostic"
Not enough resolved data to chart a trend yet.,Todavía no hay suficientes datos resueltos para trazar una tendencia.,"Reports, the issue report, an empty chart"
Not enough resolved data to chart compliance yet.,Todavía no hay suficientes datos resueltos para trazar el cumplimiento.,"Reports, the issue report, an empty chart"
Not given,No indicado,"Schedule, Time off, hours that were not entered"
Not now,Ahora no,"The add to home screen sheet, the button that puts it off"
Not saved,Sin guardar,"HR Records, logging training for several people, the people a save could not log"
Not saved yet. Check your connection and try again.,Todavía no se guardó. Revise su conexión e intente de nuevo.,"Forms, the form window, a save that never reached the API"
Not sent yet. Check your connection and try again.,Todavía no se envió. Revise su conexión e intente de nuevo.,"Forms, the form window, a Send that never reached the API"
Not sent.,No se envió.,"Help, a message that did not go"
Not set,Sin indicar,"Staff Management, a person's profile, a date nobody entered; Staff Management, the Profile tab"
Not signed,Sin firmar,"Forms, a filed report, a sign-off with no stamp; Inspections, a completed inspection with no signature, and its printed report"
Not signed yet. Check your connection and try again.,Todavía no se firmó. Revise su conexión e intente de nuevo.,"Forms, the form window, a sign-off that never reached the API"
Not yet,Todavía no,"Forms, a filed report, keeping it from being sent again"
Not yet loaded,Todavía no cargado,"Forms, Sync Diagnostic"
Note,Nota,"Schedule, a time off request"
Note to previous assignee (optional),Nota para quien la tenía asignada (opcional),"Issue Tracker, giving an issue to a person"
Notes,Notas,"Schedule, a pattern; Schedule; Shift Pickup; Sites, General Info; HR Records, Other; Vendors, adding an evaluation; Vendors, linking a supply; Staff Management, the Profile tab; Settings, Roles and Permissions, the role reference; Forms, Aliases, a column"
Notes (admin only),Notas (solo administradores),"Forms, editing a form"
Notes (optional),Notas (opcional),"HR Records, adding a document or a training record; Inventory, approving or denying a supply request; Service Catalog, linking a site; Forms, Aliases, adding an alias"
Nothing changed yet.,Nada ha cambiado todavía.,"Schedule, a pattern"
Nothing reported yet.,Todavía no se ha informado nada.,"Forms, a filed report with no answers"
Nothing to update,No hay nada que actualizar,"Cases, a case's window, saved with nothing changed"
Nothing was added.,No se agregó nada.,"Forms, a filed report, a table with no rows"
Nothing yet.,Nada todavía.,The bell
Notifications,Avisos,The shell; The bell
Notifications did not load.,Los avisos no se cargaron.,The bell
OPEN,ABIERTO,Schedule
Open photo {0},Abrir la foto {0},"Forms, a filed report, a thumbnail's name for a screen reader"
Opening...,Abriendo...,"Forms, Filed forms, the picker and Continue while a form opens"
OT Risk,Riesgo de horas extra,Shift Pickup
Occurrences,Veces,"Inspections, Reports, the printed report"
Oldest Activity,Actividad más antigua,"HR Records, Employees, the order"
On Probation,A prueba,"Vendors, adding or editing a vendor, Approval Status"
Onboarding,Incorporación,"HR Records, a tab; HR Records, Compliance; Forms, Form Library, a column and a form's badge"
Onboarding Progress,Avance de la incorporación,"HR Records, Compliance"
Onboarding Step,Paso de incorporación,"HR Records, a folder, where a record came from"
Onboarding Steps,Pasos de incorporación,"Staff Management, the HR Files tab"
Onboarding incomplete,Incorporación incompleta,"HR Records, Employees, a filter"
Onboarding initialized,Incorporación iniciada,"HR Records, Onboarding"
Onboarding only,Solo de incorporación,"Forms, Form Library, a filter"
Onboarding {0}/{1},Incorporación {0}/{1},"HR Records, Employees, a card"
Onboarding: Any,Incorporación: todos,"Forms, Form Library, a filter"
One-Off Assigned,Asignada una sola vez,"Sites, adding or editing a task, Task Type"
Open,Abierto,"Schedule; Shift Pickup; Shift Pickup, a shift's status"
Open,Abrir,"Reports, Client reports, the button that opens a report; Monthly client reports, the button that opens a report"
Open Issues,Incidencias abiertas,"Dashboard; Sites, a site's profile"
Open Marketplace Shift,Turno abierto en el tablero,Schedule
Open Now,Abiertos ahora,Shift Pickup
Open by severity,Abiertas por severidad,"Reports, the issue report's printed page"
Open file,Abrir el archivo,"HR Records, a folder"
Open in Jotform,Abrir en Jotform,"Forms, a submission's window"
Open issues by severity,Incidencias abiertas por severidad,"Reports, adding or editing an issue report; Reports, the issue report, a chart"
Open now,Abiertas ahora,"Reports, the issue report and its printed page, which agrees with incidencias"
Open shift posted,Turno abierto publicado,Shift Pickup
Open that pattern,Abrir ese patrón,Schedule
Open the browser menu (the three dots).,Abra el menú del navegador (los tres puntos).,"The add to home screen sheet, Android by hand"
Open the pattern,Abrir el patrón,Schedule
Open this page in Safari or Chrome first.,Abra esta página primero en Safari o Chrome.,"The add to home screen sheet, inside another app's browser"
Operational,Operativo,"HR Records, a record's category"
Operations,Operaciones,"The shell; Settings, Roles and Permissions, the role reference; Settings, Roles and Permissions, by person, a group"
Operations overview.,Resumen de operaciones.,Dashboard
Optional description,Descripción opcional,"Settings, Dropdown Options"
"Optional note explaining why (e.g. 'all duplicates', 'all deleted in Jotform', 'fixed manually'). Leave blank to dismiss without a reason.","Nota opcional que explique el motivo (p. ej. 'todos duplicados', 'todos eliminados en Jotform', 'corregido a mano'). Déjela en blanco para descartarlos sin motivo.","Forms, Sync Diagnostic, the question before a form's failures are resolved"
"Optional note explaining why this is being resolved manually (e.g. 'duplicate', 'deleted in Jotform', 'intentional skip'). Leave blank if you just want to dismiss without a reason.","Nota opcional que explique por qué se resuelve a mano (p. ej. 'duplicado', 'eliminado en Jotform', 'omisión intencional'). Déjela en blanco si solo quiere descartarlo sin motivo.","Forms, Sync Diagnostic, the question before a failure is dismissed"
Optional notes,Notas opcionales,Schedule
Optional when approving. Required when denying.,Opcional al aprobar. Obligatoria al denegar.,"Schedule, a time off request"
Optional: describe what this template covers,Opcional: describa lo que cubre esta plantilla,"Inspections, adding a template"
Or enter manually,O escríbala a mano,"HR Records, adding a document, which agrees with referencia"
Original,Original,"Issue Tracker, the issue window, the photo taken when it was reported"
Originally Assigned,Asignado originalmente,Schedule; Shift Pickup
Orphan (in our DB but not Jotform): {0},Huérfanos (en nuestra base y no en Jotform): {0},"Forms, Sync Diagnostic, a form's missing submissions"
Other,Otro,"HR Records, a record's category"
Our Submissions,Envíos nuestros,"Forms, Sync Diagnostic, a tile"
Ours,Nuestros,"Forms, Sync Diagnostic, a column"
Ours:,Nuestros:,"Forms, Sync Diagnostic, a form's missing submissions"
Output and export,Resultado y exportación,"Reports, adding or editing a report"
Overall Notes,Notas generales,"Inspections, a completed inspection"
Overall Score,Puntaje general,"Inspections, an inspection; Inspections, an inspection's printed report"
Override active. Pick blank to revert to form default.,Categoría cambiada a mano. Elija la opción en blanco para volver a la del formulario.,"HR Records, a folder, a form's category"
Overtime risk: claiming this shift may push the worker past 40 weekly hours.,Riesgo de horas extra: tomar este turno puede llevar a la persona a más de 40 horas semanales.,Schedule
Overview,Resumen,Shift Pickup
PDF Access Log,Registro de acceso a PDF,"Forms, a tab"
PDF access log,Registro de acceso a PDF,"Forms, the third tab"
PDF fetch failed (status {0}),No se pudo obtener el PDF (estado {0}),"Forms, a submission's window, its PDF"
PDF fetch failed ({0}): {1},No se pudo obtener el PDF ({0}): {1},"HR Records, a folder"
"PDF is being captured, check back in a few minutes.",Se está capturando el PDF. Vuelva a revisar en unos minutos.,"HR Records, a folder; Forms, a submission's window, its PDF"
PDF log load failed: {0},No se pudo cargar el registro de PDF: {0},"Forms, a toast"
Pick a form to start,Elija un formulario para iniciar,"Forms, Filed forms, the picker's title"
PIN,PIN,The sign-in card
PIN must be 4 digits,El PIN debe tener 4 dígitos,"Staff Management, Reset PIN, when the PIN is short"
PPE,EPP,"Reports, a supply category, personal protective equipment; Reports, the supply report's filter and printed page"
"PPE Compliance Log, monthly check","Registro de cumplimiento de EPP, revisión mensual","Settings, Who gets told, a form's title"
PPE Hazard Assessment Written Verification,Verificación escrita de la evaluación de riesgos para EPP,"Forms, the Filed forms filter; Settings, Who gets told"
Pacific Time (Los Angeles),Hora del Pacífico (Los Ángeles),"Settings, the Company tab, a time zone"
Page {0},Página {0},"The shell, under a table"
Page {0} / {1},Página {0} / {1},"The shell, under a table"
Part Time,Tiempo parcial,"Staff Management, the printed profile report, an employment type"
Part of a weekly pattern. Changes here apply to this date only.,Parte de un patrón semanal. Los cambios aquí se aplican solo a esta fecha.,Schedule
Past due {0},Vencido el {0},"Forms, Filed forms, a report past its due date"
Paste a URL or upload below,Pegue un enlace o suba un archivo abajo,"Assigned Tasks, creating a task; Sites, adding or editing a task"
Paste the UUID of the target record,Pegue el UUID del registro de destino,"Forms, linking a submission to a record"
Pattern saved. {0} shifts added through {1}.,Patrón guardado. {0} turnos agregados hasta el {1}.,"Schedule, the message after a pattern is saved"
Patterns,Patrones,Schedule
Pay period start day,Día en que empieza el periodo de pago,"Settings, the Company tab"
"Payment terms, minimum order, pricing structure...","Condiciones de pago, pedido mínimo, estructura de precios...","Vendors, adding or editing a vendor"
Pending,Pendiente,"Dashboard; Assigned Tasks, the state filter; HR Records, Training"
Pending Review,Pendiente de revisión,"Vendors, adding or editing a vendor, Approval Status"
Per-Form Gap Analysis,Faltantes por formulario,"Forms, Sync Diagnostic"
Per-person permissions,Permisos por persona,"Settings, Roles and Permissions, by person"
Per-site breakdown,Desglose por sitio,"Reports, adding or editing an issue report"
"Performance notes, delivery quality, responsiveness...","Notas de desempeño, calidad de las entregas, capacidad de respuesta...","Vendors, adding an evaluation"
Period,Periodo,"Reports, a report's printed page, a table column; Reports, Monthly client reports, the list"
Permissions saved,Permisos guardados,"Settings, Roles and Permissions, by person"
Person,Persona,"Schedule, Patterns; Schedule, Time off; Schedule, a time off request"
Phone,Teléfono,"Sites, General Info; Sites, editing a site; Vendors, a vendor; Staff Management, the printed profile report; Staff Management, the list; Staff Management, the Profile tab; Settings, the Company tab"
Phone *,Teléfono *,"Staff Management, Add New Staff"
Phone number,Número de teléfono,"Staff Management, the Profile tab, the form, an example"
Phone or Email,Teléfono o correo,The sign-in card
Photo,Foto,"Issue Tracker, the issue window; Inspections, an inspection's printed report"
Photo Added,Foto agregada,"Issue Tracker, the issue window, the activity"
Photo Attached,Foto adjunta,"Assigned Tasks, the task window, the activity"
Photo attached,Foto adjunta,"Issue Tracker, an issue that carries a photo"
Photo must be under 20MB,La foto debe pesar menos de 20 MB,"Staff Management, a person's profile, a photo that is too large"
Photo updated,Foto actualizada,"Staff Management, a person's profile"
Photo {0},Foto {0},"Issue Tracker, the issue window, what a photo is called for a screen reader; Staff Management, a record's window"
Photo/Video,Foto o video,"Sites, editing a task"
Photo/Video (optional),Foto o video (opcional),"Assigned Tasks, creating a task; Sites, adding a task"
Photos ({0}),Fotos ({0}),"Issue Tracker, the issue window, how many photos it holds; Sites, the record window; Sites, a record's printed page; Staff Management, a record's printed page; Staff Management, a record's window"
Pick a conversation on the left to start.,Elija una conversación a la izquierda para empezar.,"Messages, before a conversation is picked"
"Pick a team member, then set each capability to Default, Allow, or Deny. Default follows the person role. An admin can grant the manage permissions capability to let someone else open this screen.","Elija a una persona del equipo y defina cada permiso como Predeterminado, Permitir o Denegar. Predeterminado sigue el rol de la persona. Un administrador puede conceder el permiso de administrar permisos para que otra persona abra esta pantalla.","Settings, Roles and Permissions, by person"
Pick a training...,Elija una capacitación...,"HR Records, Training, who has no record of a training"
Pick a user first,Primero elija a una persona,"Forms, Aliases, a toast"
Pick the date it was given,Elija la fecha en que se impartió,"HR Records, logging training for several people, a save with no date"
Pick the language it was given in,Elija el idioma en que se impartió,"HR Records, logging training for several people, a save with no language"
Pickup,Turno disponible,Schedule
Pickup Shift,Turno disponible,Schedule
Please choose a file to upload,Elija un archivo para subir,"HR Records, adding a document"
Points,Puntos,"Inspections, Reports, the printed report"
Popup blocked. Allow popups to print PDFs.,Ventana emergente bloqueada. Permita las ventanas emergentes para imprimir los PDF.,"Forms, a submission's window, a toast"
Popup blocked. Allow popups to view PDFs.,Ventana emergente bloqueada. Permita las ventanas emergentes para ver los PDF.,"Forms, a submission's window, a toast"
Post Open Shift,Publicar turno abierto,Shift Pickup
Post Shift,Publicar turno,Shift Pickup
Preferred,Preferido,"Vendors, a vendor, a linked supply, which agrees with proveedor"
Preferred Language,Idioma preferido,"Staff Management, the Profile tab"
Prev,Anterior,"The shell, under a table"
Primary color,Color principal,"Settings, the Company tab"
Prime Contractor,Contratista principal,"Sites, General Info; Sites, adding or editing a site"
Print,Imprimir,"Sites, Chat; Sites, Timeline; Sites, the record window; Staff Management, Timeline and a record's window; Forms, PDF Access Log, a filter and a badge; Forms, a submission's window"
Print Report,Imprimir el informe,"Inspections, Reports; Staff Management, a person's profile"
Print attendance sheet,Imprimir la hoja de asistencia,"HR Records, Training, a training's sessions; HR Records, logging training for several people, after a save"
Print this QR code and attach it to the supply container,Imprima este código QR y péguelo en el envase del suministro,"Inventory, editing a supply"
Priority,Prioridad,"Assigned Tasks, creating a task; Sites, adding or editing a task"
Privacy note.,Nota de privacidad.,"Forms, the note at the top"
Private conversations,Conversaciones privadas,Messages
Private message,Mensaje privado,"Messages, under the person's name"
Probing...,Consultando...,"Forms, Settings, while the diagnostic runs"
Processed,Procesados,"Forms, Settings, the sync log, a column"
Processed: {0},Procesados: {0},"Forms, Submissions, the toast after the PDF backfill"
Products / Services,Productos / servicios,"Vendors, adding or editing a vendor"
Products and Services,Productos y servicios,"Vendors, a vendor"
Profile,Perfil,"Staff Management, a person's profile, a tab; Staff Management, Timeline, a kind of entry"
Profile updated,Perfil actualizado,"Staff Management, the Profile tab"
Proof of who opened each PDF.,Constancia de quién abrió cada PDF.,"Forms, PDF Access Log, the note at the top"
Proof of who opened or was sent each PDF.,Prueba de quién abrió o recibió cada PDF.,"Forms, PDF access log, the banner"
Pull,Traer,"Forms, Form Library, a form's submissions"
Pull new submissions for ALL enabled forms? This may take a minute.,¿Traer los envíos nuevos de TODOS los formularios habilitados? Puede tardar un minuto.,"Forms, the question before every form's submissions are synced"
Pull new submissions for this form?,¿Traer los envíos nuevos de este formulario?,"Forms, Form Library, the question before one form's submissions are synced"
"Pulls every submission from Jotform for every enabled form, ignoring the incremental filter. Existing cached submissions are re-fetched and their metadata is refreshed (submitter name, email, matched employee, expiry). Admin-set fields (status, notes, manual expiry, entity links) are preserved.","Trae cada envío de Jotform de cada formulario habilitado, sin el filtro incremental. Los envíos ya guardados se vuelven a obtener y se actualizan sus metadatos (nombre del remitente, correo, persona asociada, vencimiento). Los campos fijados por un administrador (estado, notas, vencimiento manual, vínculos a registros) se conservan.","Forms, Settings, the full refresh window"
QR,QR,"Inventory, a supply's QR code picture"
QR: {0},QR: {0},"Inventory, a supply's QR code"
Quality,Calidad,The shell
Quantity,Cantidad,"Reports, the supply report's printed page"
Quarterly,Trimestral,"Sites, editing a site, Billing"
Queued retry: {0},Reintentos en cola: {0},"Forms, Submissions, the toast after the PDF backfill"
Quick snapshots,Resúmenes rápidos,"Reports, the library"
Raised the case,Presentó el caso,"Cases, a case's window, the access log"
Rate Structure,Estructura de tarifas,"Service Catalog, a service; Service Catalog, adding or editing a service"
Rate limit note,Nota sobre el límite de llamadas,"Forms, Settings, the full refresh window"
Rating,Calificación,"Vendors, the list"
Rating *,Calificación *,"Vendors, adding an evaluation"
Rating required,La calificación es obligatoria,"Vendors, adding an evaluation"
Re-run Auto-Link,Volver a vincular automáticamente,"Forms, Submissions"
Reactivate,Reactivar,"Sites, a site's profile; Staff Management, a person's profile"
Read filed incident reports,Leer los informes de incidentes presentados,"Settings, Roles and Permissions, a capability's name"
Read the case,Leyó el caso,"Cases, a case's window, the access log"
Read this log,Leyó este registro,"Cases, a case's window, the access log"
Reason,Motivo,"Schedule; Shift Pickup; Schedule, a time off request; Forms, Sync Diagnostic, the failures, a column"
Reason Breakdown,Desglose por motivo,Shift Pickup
Reason for Reassignment *,Motivo de la reasignación *,"Assigned Tasks, reassigning a task"
Reassign,Reasignar,"Issue Tracker, the issue window; Assigned Tasks, the task window; Assigned Tasks, reassigning a task"
Reassign Issue,Reasignar la incidencia,"Issue Tracker, giving an issue to a person"
Reassign Task,Reasignar la tarea,"Assigned Tasks, reassigning a task"
Reassign To,Reasignar a,Schedule; Shift Pickup
Reassign To *,Reasignar a *,"Assigned Tasks, reassigning a task"
Reassigned,Reasignada,"Issue Tracker and Assigned Tasks, an incidencia or a tarea given to somebody else"
Received,Recibido,"Cases, the list, a column"
Received {0},Recibido: {0},"Cases, a case's window"
Recent Sync Log,Registro de sincronizaciones recientes,"Forms, Settings"
Recommendation,Recomendación,"Forms, Settings, the diagnostic"
Record Detail,Detalle del registro,"Sites, the record window; Sites, a record's printed page; Staff Management, a record's printed page; Staff Management, a record's window"
Record Detail: {0},Detalle del registro: {0},"Sites, a record's printed page, its heading; Staff Management, a record's printed page"
Record Details,Datos del registro,"Sites, a record's printed page; Staff Management, a record's printed page"
Record Fields,Campos del registro,"Sites, the record window; Staff Management, a record's window"
Record ID (UUID),ID del registro (UUID),"Forms, linking a submission to a record"
Recorded when the person started the shift in the portal. There is no end time and no hours here.,Registrado cuando la persona inició el turno en el portal. Aquí no hay hora de fin ni horas.,Schedule
Records,Registros,"HR Records, Employees, a card"
Refill Request,Solicitud de reposición,"Inventory, Requests, a request's type"
Refresh,Actualizar,"Dashboard; Shift Pickup; Live Operations; Forms, PDF Access Log; Forms, Aliases"
Refresh Diagnostic,Actualizar el diagnóstico,"Forms, Sync Diagnostic"
Refreshing...,Actualizando...,"Forms, Sync Diagnostic and Aliases, while the list reloads"
Related Items ({0}),Elementos relacionados ({0}),"Sites, the record window; Sites, a record's printed page; Staff Management, a record's printed page; Staff Management, a record's window"
Release,Liberar,"Schedule; Shift Pickup; Cases, a case's window"
Release this shift back to the open pool?,¿Liberar este turno y devolverlo a los turnos abiertos?,"Shift Pickup, releasing a claimed shift"
Released,Liberado,Shift Pickup
Reliability,Cumplimiento,Shift Pickup
Remove,Quitar,"Sites; HR Records, Onboarding; Staff Management, the Assignments tab; Staff Management, the Certifications tab; Settings, the Company tab; Settings, Who gets told; Forms, Aliases"
Remove photo,Quitar la foto,"Help, a photo waiting to be sent, for a screen reader"
Remove photo,Quitar foto,"Forms, a filed report, a photos question in the supervisor section, under each photo"
Remove row,Quitar fila,"Forms, a filed report, a table in the supervisor section"
Remove the link for this submission?,¿Quitar el vínculo de este envío?,"Forms, a submission's window, the question before its record link is removed"
Remove this certification?,¿Quitar esta certificación?,"Staff Management, the Certifications tab"
Remove this service?,¿Quitar este servicio?,"Service Catalog, a service"
Remove this site assignment?,¿Quitar esta asignación de sitio?,"Staff Management, the Assignments tab"
Remove this vendor?,¿Quitar este proveedor?,"Vendors, a vendor"
Remove {0},Quitar a {0},"Settings, Who gets told, for a screen reader"
Removing...,Quitando...,"Forms, a filed report, a photos question, while a photo is being removed"
Repeat on,Repetir los,Schedule
Repeat this shift,Repetir este turno,Schedule
Repeats,Se repite,Schedule
Replaces an earlier pattern,Reemplaza a un patrón anterior,"Schedule, a pattern"
Report,Informe,"Help, an unfinished report the API sent without a name; Forms, a filed report with no form name"
Report created,Informe creado,"Reports, adding a report"
Report in progress,Informe en curso,Help
Report submitted.,Informe enviado.,Help
Report updated,Informe actualizado,"Reports, editing a report"
Reported,Reportada,"Issue Tracker, the issue window, an incidencia was reported"
Reported At,Fecha del reporte,"Issue Tracker, the issue window"
Reported By,Reportada por,"Issue Tracker, the issue window, who reported the incidencia"
Reported by,Informado por,"Cases, a case's window"
Reporting,Informes,"Settings, Roles and Permissions, the role reference; Settings, Roles and Permissions, by person, a group"
Reports,Informes,"The shell; Inspections, a tab; Reports, the library; Settings, the Company tab"
Reports and report builder,Informes y creador de informes,"Settings, Roles and Permissions, the role reference"
"Reports, labor, and scheduling","Informes, mano de obra y horarios","Settings, Roles and Permissions, a capability's name"
Request approved,Solicitud aprobada,"Inventory, approving a supply request"
Request denied,Solicitud denegada,"Shift Pickup; Inventory, denying a supply request"
Request failed,La solicitud falló,"Schedule, a pattern; Schedule, Patterns; Schedule, Time off; Schedule, a time off request; Help; Any page, a call the API refused without a reason; Cases, a case's window; Settings, Who gets told; Forms, a filed report, a call that fails"
Requested,Solicitado,"Schedule, Time off"
Requested By,Solicitado por,Schedule; Shift Pickup
Requests,Solicitudes,"Shift Pickup; Inventory, a tab"
Required,Obligatorio,"Forms, the form window, beside a question that must be answered"
Required Certifications,Certificaciones requeridas,"Service Catalog, a service; Service Catalog, adding or editing a service"
Required for new hire onboarding,Obligatorio en la incorporación de nuevas contrataciones,"Forms, editing a form"
Requires signature,Requiere firma,"Forms, editing a form"
Reschedule,Reprogramar,Schedule
Reset,Restablecer,"Settings, the Company tab"
Reset PIN,Restablecer el PIN,"Staff Management, a person's profile, the button; Staff Management, Reset PIN, its title and its button"
Resolution,Resolución,"Issue Tracker, the issue window, the photo taken when it was resolved; Assigned Tasks, the task window, the resolution photo for a screen reader"
Resolution (h),Resolución (h),"Reports, adding or editing an issue report, a service level target"
"Resolution (h, median)","Resolución (h, mediana)","Reports, the issue report, the trend chart's legend and tooltip"
Resolution Photo,Foto de la resolución,"Issue Tracker, the issue window, the activity; Assigned Tasks, the task window"
Resolution SLA,SLA de resolución,"Reports, the issue report and its printed page"
Resolution SLA %,SLA de resolución %,"Reports, the issue report, a chart's legend and tooltip"
Resolution SLA by site,SLA de resolución por sitio,"Reports, the issue report, a chart"
Resolution and response compliance percent per {0},Porcentaje de cumplimiento de resolución y respuesta por {0},"Reports, the issue report, a chart, {0} is day, week or month"
Resolution and response trend,Tendencia de resolución y respuesta,"Reports, adding or editing an issue report; Reports, the issue report, a chart"
Resolution breaches,Incumplimientos de resolución,"Reports, the issue report's printed page"
Resolution notes,Notas de resolución,"Cases, a case's window"
Resolution: {0},Resolución: {0},"Assigned Tasks, the task window, the note left when it was resolved"
Resolve,Resolver,"Issue Tracker; Issue Tracker, the issue window"
Resolve all,Resolver todos,"Forms, Sync Diagnostic"
Resolve failed: {0},No se pudo resolver: {0},"Forms, Sync Diagnostic, a toast"
Resolved,Resuelta,"Issue Tracker and Assigned Tasks, an incidencia or a tarea that was resolved; Assigned Tasks, the state filter"
Resolved At,Fecha de resolución,"Issue Tracker, the issue window; Assigned Tasks, the task window"
Resolving...,Resolviendo...,"Forms, Sync Diagnostic, while a form's failures are resolved"
Responded {0},Respondido: {0},"Cases, a case's window"
Response,Respuesta,"Cases, the list, a column"
Response SLA,SLA de respuesta,"Reports, the issue report and its printed page"
Response SLA %,SLA de respuesta %,"Reports, the issue report, a chart's legend and tooltip"
Response Time,Tiempo de respuesta,Shift Pickup
Response Time Summary,Resumen del tiempo de respuesta,Shift Pickup
Response Time by Site,Tiempo de respuesta por sitio,Shift Pickup
Response Time by Urgency,Tiempo de respuesta por urgencia,Shift Pickup
Response breaches,Incumplimientos de respuesta,"Reports, the issue report's printed page"
"Response time, resolution time, and service level compliance","Tiempo de respuesta, tiempo de resolución y cumplimiento del nivel de servicio","Reports, the issue report"
Result,Resultado,"Forms, PDF Access Log, a column"
Resume,Continuar,"Help, picking an unfinished report back up"
Retried ({0}){1},Reintentado ({0}){1},"Forms, Sync Diagnostic, a toast"
Retry,Reintentar,"Help, sending a message again; Forms, Sync Diagnostic, the failures"
Retry failed: {0},El reintento falló: {0},"Forms, Sync Diagnostic, a toast"
Retrying...,Reintentando...,"Forms, Sync Diagnostic, while a failure is retried"
Review,Revisar,"Forms, the form window, the step line on the review"
Reviewed,Revisado,"Forms, Submissions, a status"
Reviewed {0},Revisado el {0},"Vendors, the list, a vendor's last review"
Role,Rol,"HR Records, Compliance; Staff Management, the printed profile report; Staff Management, the list; Staff Management, the Profile tab"
Role at Site,Rol en el sitio,"Staff Management, Assign to Site"
Role reference,Referencia de roles,"Settings, Roles and Permissions"
Role: {0}. Default follows this role until you override it.,Rol: {0}. Predeterminado sigue este rol hasta que usted lo cambie.,"Settings, Roles and Permissions, by person"
Roles and Permissions,Roles y permisos,"Settings, the tabs; Settings, the role reference, printed, the title"
Roles and permissions reference,Referencia de roles y permisos,"Settings, Roles and Permissions, the role reference"
Rolling out,En implementación,"Settings, Roles and Permissions, by person, a capability not yet in force"
Row {0},Fila {0},"Forms, a filed report, a table in the supervisor section"
Run,Ejecutar,"Reports, the library"
Run Diagnostic,Ejecutar el diagnóstico,"Forms, Settings"
Run Full Refresh,Ejecutar la actualización completa,"Forms, Settings, the full refresh window"
Run PDF Backfill,Ejecutar el relleno de PDF,"Forms, Submissions"
Running...,Ejecutando...,"Forms, Settings, while a full refresh runs"
Section {0},Sección {0},"Forms, the form window, the review"
Section {0} of {1},Sección {0} de {1},"Forms, the form window, the step line"
Send this form? You cannot change it after it is sent.,¿Enviar este formulario? No lo podrá cambiar después de enviarlo.,"Forms, the form window, the question before Send"
Sign with your mouse or finger,Firme con el mouse o el dedo,"Forms, a filed report, the signature box"
SLA compliance and breaches,Cumplimiento e incumplimientos del SLA,"Reports, adding or editing an issue report"
SLA compliance by period,Cumplimiento del SLA por periodo,"Reports, the issue report's printed page"
SLA compliance trend,Tendencia del cumplimiento del SLA,"Reports, the issue report, a chart"
Safety / Incident,Seguridad / Incidente,"HR Records, a record's category"
Safety Committee Minutes and Attendance,Acta y asistencia del comité de seguridad,"Forms, the Filed forms filter; Settings, Who gets told"
Safety Incident Report,Informe de Incidente de Seguridad,"Settings, Who gets told, a form's title"
Safety Inspection Checklist,Lista de inspección de seguridad,"Forms, the Filed forms filter; Settings, Who gets told"
Sampled: {0},Muestra: {0},"Forms, Settings, the diagnostic"
Sat,Sáb,"Schedule, the week and the pattern picker"
Saturday,Sábado,"Settings, the Company tab, the day a pay period starts"
Save,Guardar,"Schedule; Sites, editing a site; HR Records; Settings, Dropdown Options; Settings, Site Lookups; Forms, a filed report, the supervisor section; Forms, editing a form"
Save Changes,Guardar los cambios,"Shift Pickup; Sites, editing a task; Service Catalog, editing a service; Vendors, editing a vendor; Staff Management, the Profile tab"
Save Company Settings,Guardar la configuración de la empresa,"Settings, the Company tab"
Save Evaluation,Guardar la evaluación,"Vendors, adding an evaluation"
Save Scope,Guardar el alcance,"Sites, Scope of Work"
Save changes,Guardar los cambios,"Schedule, a pattern; Reports, editing a report; Cases, a case's window; Settings, Roles and Permissions, by person"
Saved,Guardado,"Sites, Scope of Work; Settings, Who gets told"
Saving...,Guardando...,"Reports, saving a report; Cases, a case's window; Settings, the Company tab; Settings, Roles and Permissions, by person; HR Records, logging training for several people; Forms, a filed report, the supervisor section"
Saw it in the list,Lo vio en la lista,"Cases, a case's window, the access log"
Schedule,Horario,"The shell; Schedule; Sites, Timeline; Staff Management, Timeline, a kind of entry"
Schedule All,Programar todo,Schedule
Schedule Inspection,Programar una inspección,"Inspections, Scheduled; Inspections, scheduling an inspection"
Schedule Shift,Programar turno,Schedule
Schedule and shift pickups,Horario y turnos disponibles,"Settings, Roles and Permissions, the role reference"
Schedule updated,Horario actualizado,Schedule
Scheduled,Programado,Schedule
Scheduled Date,Fecha programada,"Inspections, an inspection; Inspections, an inspection's printed report"
Scheduled Date *,Fecha programada *,"Schedule; Inspections, scheduling or editing an inspection"
Scheduled Shift,Turno programado,"Forms, linking a submission, a kind of record"
Scheduling for,Programando para,Schedule
Scope of Work,Alcance del trabajo,"Sites, a site's profile"
Score,Puntaje,"Dashboard; HR Records, Training; HR Records, adding a training record; Inspections, an inspection; Inspections, Completed; Reports, the inspection report's printed page"
Score Trend,Tendencia del puntaje,"Inspections, Reports"
Score by Service Category,Puntaje por categoría de servicio,"Inspections, Reports"
Score trend,Tendencia del puntaje,"Reports, adding or editing an inspection report"
Score: {0},Puntuación: {0},"Staff Management, the HR Files tab, a training record"
Scroll down and tap Add to Home Screen.,Desplácese hacia abajo y toque Agregar a pantalla de inicio.,"The add to home screen sheet, Safari"
Search by name,Buscar por nombre,"HR Records, logging training for several people, who attended"
"Search employee, category, file, uploaded by","Buscar persona, categoría, archivo o quién lo subió","HR Records, Documents"
"Search employee, file, notes","Buscar persona, archivo o notas","HR Records, Other"
"Search employee, training, type, administered by","Buscar persona, capacitación, tipo o quién la impartió","HR Records, Training"
"Search name, ID, phone, role","Buscar nombre, ID, teléfono o rol","Staff Management, the list, the search box"
"Search name, email, form...","Buscar nombre, correo, formulario...","Forms, Submissions, the search box"
"Search name, email, or role...","Buscar por nombre, correo o rol...","HR Records, Employees"
Search pages,Buscar páginas,The shell
"Search site, address, contract","Buscar sitio, dirección o contrato","Sites, the list"
"Search site, service, staff, notes","Buscar por sitio, servicio, personal o notas",Shift Pickup
Search staff,Buscar personal,Schedule; Messages
Search staff...,Buscar personal...,Schedule
"Search template, site, assignee","Buscar plantilla, sitio o persona asignada","Inspections, Scheduled and Completed"
Search titles or notes...,Buscar títulos o notas...,"Forms, Form Library, the search box"
"Search vendor, contact, phone, email, services","Buscar proveedor, contacto, teléfono, correo o servicios","Vendors, the list"
Secondary color,Color secundario,"Settings, the Company tab"
Select (optional),Seleccione (opcional),"Sites, adding a task, Assign To"
Select a scheduled shift below. The original shift will be cancelled and replaced with an open pickup that eligible staff can claim.,Seleccione un turno programado abajo. El turno original se cancela y se reemplaza por un turno abierto que el personal elegible puede tomar.,Shift Pickup
Select a site,Seleccione un sitio,"Service Catalog, linking a site; Staff Management, Assign to Site; Reports, Monthly client reports, New monthly report"
Select a site...,Seleccione un sitio...,"Service Catalog, linking a site; Settings, Site Lookups"
Select a staff member,Seleccione a una persona,"Schedule; Shift Pickup; Issue Tracker, giving an issue to a person; Assigned Tasks, reassigning a task"
Select a staff member...,Seleccione a una persona...,"Issue Tracker, giving an issue to a person; Assigned Tasks, reassigning a task"
Select a supply,Seleccione un suministro,"Vendors, linking a supply"
Select a supply...,Seleccione un suministro...,"Vendors, linking a supply"
Select a synced submission...,Seleccione un envío sincronizado...,"HR Records, adding a document"
Select a team member...,Seleccione a una persona del equipo...,"Settings, Roles and Permissions, by person"
Select all,Seleccionar todo,"HR Records, logging training for several people, who attended"
Select an employee first,Primero seleccione a una persona,"HR Records, Onboarding"
Select an employee first to see matching Jotform submissions.,Primero seleccione a una persona para ver sus envíos de Jotform.,"HR Records, adding a document"
Select an employee to view their onboarding checklist.,Seleccione a una persona para ver su lista de incorporación.,"HR Records, Onboarding"
Select building...,Seleccione un edificio...,Schedule
Select category...,Seleccione una categoría...,"HR Records, adding a document or an onboarding step"
Select employee...,Seleccione a una persona...,"HR Records, adding a document or a training record"
Select entity type and ID,Seleccione el tipo de registro y el ID,"Forms, linking a submission, a toast"
Select floor...,Seleccione un piso...,Schedule
Select role...,Seleccione un rol...,"Staff Management, Assign to Site"
Select shift...,Seleccione un turno...,"Staff Management, Assign to Site"
Select site...,Seleccione un sitio...,"Schedule; Shift Pickup; Assigned Tasks, creating a task; Inspections, scheduling or editing an inspection"
Select staff member...,Seleccione a la persona...,Schedule; Shift Pickup
Select staff...,Seleccione personal...,"Schedule; Assigned Tasks, creating a task"
Select template...,Seleccione una plantilla...,"Inspections, scheduling or editing an inspection"
Select type...,Seleccione un tipo...,"HR Records, adding a training record; HR Records, logging training for several people"
Select user...,Seleccione a una persona...,"Forms, Aliases, adding an alias"
Select...,Seleccione...,"Shift Pickup; Staff Management, Assign to Site"
Selected site,Sitio seleccionado,"Reports, a report's printed page; Reports, Client ratings, the printed page"
Send,Enviar,"Help, the send button, for a screen reader"
Send again,Enviar de nuevo,"Forms, a filed report"
Send it,Enviarlo,"Forms, a filed report, sending it again"
Send this report again to everyone set for this form?,¿Enviar este informe de nuevo a todas las personas configuradas para este formulario?,"Forms, a filed report, before it is sent again"
Sending...,Enviando...,"Forms, a filed report, while it is sent again"
"Sent again: {0} and {1}, {2}.","Enviado de nuevo: {0} y {1}, {2}.","Forms, a filed report, once it is sent again"
Service,Servicio,Shift Pickup
Service Catalog,Catálogo de servicios,"The shell; Service Catalog, the page's title"
Service Category,Categoría de servicio,"Schedule; Shift Pickup; Sites, adding or editing a task; Service Catalog, adding or editing a service"
Service Details,Detalles del servicio,"Sites, a site's profile"
Service Name *,Nombre del servicio *,"Service Catalog, adding or editing a service"
Service added,Servicio agregado,"Service Catalog, adding a service"
Service catalog exported,Catálogo de servicios exportado,"Service Catalog, Export"
Service category,Categoría de servicio,"Schedule, a pattern"
Service level targets (hours),Objetivos de nivel de servicio (horas),"Reports, adding or editing an issue report"
Service name required,El nombre del servicio es obligatorio,"Service Catalog, adding a service"
Service removed,Servicio quitado,"Service Catalog, removing a service"
Service updated,Servicio actualizado,"Service Catalog, editing a service"
Services,Servicios,The shell
"Services: create, edit, remove, link","Servicios: crear, editar, quitar y vincular","Settings, Roles and Permissions, the role reference"
Services: view,Servicios: ver,"Settings, Roles and Permissions, the role reference"
Session expired,La sesión expiró,"Any page, when the sign-in has run out; Forms, Submissions, the bulk upload; Forms, a submission's window, its PDF"
Sessions,Sesiones,"HR Records, Training, the days a training was given"
Settings,Configuración,"The shell; Settings, the page; Forms, a tab"
Share button,botón Compartir,"The add to home screen sheet, the words the share icon is drawn beside"
Shift,Turno,"Shift Pickup; Staff Management, the printed profile report; Staff Management, Assign to Site"
Shift Details,Detalles del turno,Shift Pickup
Shift Drop Request,Solicitud de baja de turno,Schedule; Shift Pickup
Shift Pickup,Turnos disponibles,"The shell; Forms, linking a submission, a kind of record"
Shift Pickup Board,Tablero de turnos disponibles,Shift Pickup
Shift approved,Turno aprobado,Schedule; Shift Pickup
Shift assigned,Turno asignado,Shift Pickup
Shift cancelled,Turno cancelado,Schedule; Shift Pickup
Shift converted to open pickup,Turno convertido en turno abierto,Schedule; Shift Pickup
Shift reassigned,Turno reasignado,Schedule
Shift released,Turno liberado,Schedule; Shift Pickup
Shift scheduled,Turno programado,Schedule
Shift updated,Turno actualizado,Shift Pickup
Shifts,Turnos,"Schedule, Time off"
Shifts & Schedule,Turnos y horario,"Sites, a site's profile"
Shifts before this date stay as they are. Shifts someone changed or cancelled by hand are kept.,Los turnos anteriores a esta fecha quedan como están. Los turnos que alguien cambió o canceló a mano se conservan.,"Schedule, a pattern"
Shifts by Day of Week,Turnos por día de la semana,Shift Pickup
Shifts on these days,Turnos en estos días,"Schedule, a time off request"
Show,Mostrar,"Schedule and Shift Pickup, the label beside the rows per page chooser; Live Operations, showing the people who have not started; Sites, the list; HR Records; Vendors, the list; Staff Management, the list"
"Show ""Other"" text input","Mostrar un cuadro de texto para ""Otro""","Settings, Dropdown Options"
Show EIN on report exports by default,Mostrar el EIN en los informes exportados de forma predeterminada,"Settings, the Company tab"
Show Missing IDs,Mostrar los ID faltantes,"Forms, Sync Diagnostic"
Show on report,Mostrar en el informe,"Reports, adding or editing a report"
Show test accounts,Mostrar las cuentas de prueba,"HR Records, Employees"
Showing the first {0}. Choose a person to narrow the list.,Mostrando los primeros {0}. Elija una persona para acotar la lista.,"Schedule, Time off, when the list is longer than the page holds"
Showing {0} of {1},Se muestran {0} de {1},"Forms, Submissions and PDF Access Log, under the table"
Showing {0} to {1} of {2},Mostrando {0} a {1} de {2},"The shell, under a table"
Shown as: {0},Se muestra como: {0},"Settings, Dropdown Options, a value's words in the screen's language, under its English"
Sign,Firmar,"Forms, a filed report, a sign-off"
Sign In,Iniciar sesión,The sign-in card
Sign Out,Cerrar sesión,The shell
Signature,Firma,"HR Records, the printed attendance sheet, the column each person signs in; Inspections, a completed inspection and its printed report"
Signed by {0} on {1} at {2},Firmado por {0} el {1} a las {2},"Forms, a filed report, a sign-off's stamp"
Signing in...,Iniciando sesión...,The sign-in card
Signing...,Firmando...,"Forms, a filed report, while a sign-off is stamped"
Since midnight,Desde la medianoche,Dashboard
Site,Sitio,"Schedule, Patterns; Schedule; Shift Pickup; Issue Tracker, the issue window; Assigned Tasks, the task window; Sites; Inspections, the printed reports; Sites, the printed pages, a site with no name; Reports, a report's printed page, a table column; Staff Management, the printed profile report; Staff Management, the Assignments tab; HR Records, Training, who has no record of a training; Forms, Filed forms, a column and the site filter; Forms, linking a submission, a kind of record"
Site *,Sitio *,"Schedule; Shift Pickup; Assigned Tasks, creating a task; Service Catalog, linking a site; Staff Management, Assign to Site"
Site Assignments,Asignaciones de sitio,"Staff Management, the Assignments tab"
Site Assignments ({0}),Asignaciones de sitio ({0}),"Staff Management, the printed profile report"
Site Channel Messages,Mensajes del canal del sitio,"Sites, Chat"
Site Comparison,Comparación de sitios,"Inspections, Reports"
Site Lookups,Listas por sitio,"Settings, the tabs"
Site Name,Nombre del sitio,"Sites, editing a site"
Site Notes,Notas del sitio,"Sites, editing a site"
Site Performance,Desempeño por sitio,"Inspections, Reports, the printed report"
Site Record,Registro del sitio,"Sites, the printed timeline, its footer"
Site created,Sitio creado,"Sites, adding a site"
Site deactivated,Sitio desactivado,"Sites, a site's profile"
Site linked,Sitio vinculado,"Service Catalog, linking a site"
Site reactivated,Sitio reactivado,"Sites, a site's profile"
Site records and floor plans,Registros de sitios y planos,"Settings, Roles and Permissions, the role reference; Settings, Roles and Permissions, a capability's name"
Site unlinked,Sitio desvinculado,"Service Catalog, a service"
Site updated,Sitio actualizado,"Sites, editing a site"
Site x Day Heatmap,Mapa de calor de sitio por día,Shift Pickup
"Site, date, and times are required","El sitio, la fecha y las horas son obligatorios",Shift Pickup
"Site, description, zone, and assignee are required","El sitio, la descripción, la zona y la persona asignada son obligatorios","Assigned Tasks, creating a task"
Sites,Sitios,"The shell; Sites, the list; Reports, the supply and inspection reports and their printed pages; Staff Management, the list"
Skipped: {0},Omitidos: {0},"Forms, Submissions, the toast after the PDF backfill, the bulk upload and auto-link"
Slowest,Más lento,Shift Pickup
Slug (auto-generated),Identificador (se genera solo),"Settings, Dropdown Options"
Some remove actions within Inspections and Sites are reserved to Admin.,Algunas acciones de quitar en Inspecciones y Sitios están reservadas al administrador.,"Settings, Roles and Permissions, the role reference"
Someone asks to drop a shift,Alguien pide dejar un turno,"Settings, Who gets told, a kind of report"
Someone else has to decide your own request.,Otra persona tiene que decidir su propia solicitud.,"Schedule, Time off, when the approver opens a request of their own"
Someone picks up an open shift,Alguien toma un turno disponible,"Settings, Who gets told, a kind of report"
Someone registers for an account,Alguien se registra para tener una cuenta,"Settings, Who gets told, a kind of report"
Someone requests time off,Alguien solicita tiempo libre,"Settings, Who gets told, a kind of report"
Soonest first. Deciding a request leaves the schedule as it is.,Primero las más próximas. Decidir una solicitud deja el horario como está.,"Schedule, Time off, the note above the list"
Source,Fuente,"Reports, adding or editing a report; Forms, Aliases, a column"
Source,Origen,"Forms, PDF access log, the filter by where a row came from"
Source record not found. The original data may have been deleted.,No se encontró el registro de origen. Es posible que los datos originales se hayan eliminado.,"Sites, the record window"
Spanish,Español,"HR Records, logging training for several people, the language a session was given in"
Specify Category,Especifique la categoría,"Inventory, adding or editing a supply"
Staff,Personal,"The shell; Schedule; Sites; Settings, Roles and Permissions, the role reference, a column"
Staff Management,Gestión de personal,"The shell; Staff Management, the list"
Staff Member,Persona,Shift Pickup
Staff Member *,Persona *,Schedule
Staff Reliability,Cumplimiento del personal,Shift Pickup
Staff Reliability Metrics,Indicadores de cumplimiento del personal,Shift Pickup
Staff Summary,Resumen del personal,"HR Records, Compliance"
Staff accounts and approvals,Cuentas del personal y aprobaciones,"Settings, Roles and Permissions, a capability's name"
"Staff accounts, approvals, PIN resets","Cuentas del personal, aprobaciones y cambios de PIN","Settings, Roles and Permissions, the role reference"
Staff at this site...,Personal de este sitio...,Shift Pickup
"Staff covers custodial and porter roles, and client contacts, who use the staff portal. This shows their access to platform data.","Personal incluye los roles de limpieza y conserjería, y los contactos del cliente, que usan el portal del personal. Aquí se muestra su acceso a los datos de la plataforma.","Settings, Roles and Permissions, the role reference"
Staff with Onboarding,Personal en incorporación,"HR Records, Compliance"
"Staff, site, start time, and end time are required","La persona, el sitio, la hora de inicio y la hora de fin son obligatorios",Schedule
Stage,Etapa,"Forms, Sync Diagnostic, the failures, a column"
Standard,Estándar,"The shell, the text size chooser"
Start,Inicio,"Shift Pickup; Staff Management, Assign to Site"
Start a form,Iniciar un formulario,"Forms, Filed forms, the button that opens the picker"
Start Date,Fecha de inicio,"Sites, editing a site"
Start Time,Hora de inicio,Schedule
Start Time *,Hora de inicio *,Schedule; Shift Pickup
Start Work,Iniciar el trabajo,"Issue Tracker, the issue window"
Start time,Hora de inicio,"Schedule, a pattern"
Started,Iniciado,"Dashboard; Schedule; Live Operations, when a person started; Forms, Filed forms, a column; Forms, Settings, the sync log, a column"
Started Shift,Turno iniciado,Schedule
Started by,Iniciado por,"Forms, Filed forms, a column"
Started on {0},Iniciados el {0},"Live Operations, the heading for a day that is not today"
Started today,Iniciados hoy,Dashboard; Live Operations
Started {0},Iniciado el {0},"Forms, a filed report, when it was started"
Starts,Comienza,"Schedule, a pattern; Schedule, Patterns"
State,Estado,"Sites, adding or editing a site; Vendors, adding or editing a vendor; Staff Management, the Profile tab"
Status,Estado,"Schedule; Shift Pickup; Schedule, Time off; Schedule, a time off request; Sites, the list; Vendors, the list; Staff Management, the printed profile report; Staff Management, the list; Cases, the list; Cases, a case's window; Forms, Form Library, a column; Forms, Submissions, a column; Forms, Settings, the sync log, a column; Forms, a submission's window"
Status Changed,Cambio de estado,"Issue Tracker, the issue window, the activity"
Status updated,Estado actualizado,"Forms, a submission's window, a toast"
Status: {0}.,Estado: {0}.,"Forms, a filed report, a refusal that names the report's status"
Step Name,Nombre del paso,"HR Records, adding an onboarding step"
Step added,Paso agregado,"HR Records, adding an onboarding step"
Step-by-step instructions or notes...,Instrucciones paso a paso o notas...,"Assigned Tasks, creating a task"
"Step-by-step instructions, tips, or notes for the cleaner...","Instrucciones paso a paso, consejos o notas para quien limpia...","Sites, adding a task"
"Step-by-step instructions, tips, or notes...","Instrucciones paso a paso, consejos o notas...","Sites, editing a task"
Still needed before you can submit:,Falta esto antes de poder enviarlo:,"Help, the questions a report still needs"
Still needed in the supervisor section,Pendiente en la sección del supervisor,"Forms, a filed report, the questions still empty"
Stock,Existencias,"Inventory, adding or editing a supply"
Stock: {0},Existencias: {0},"Sites, Supplies; Inventory, a supply"
Stop telling {0} about this?,¿Dejar de avisar a {0} sobre esto?,"Settings, Who gets told"
Street address,Calle y número,"Vendors, adding or editing a vendor; Staff Management, the Profile tab"
Subject named,Persona mencionada,"Cases, the list, a column; Cases, a case's window"
Submission Detail,Detalle del envío,"Forms, a submission's window"
Submission ID,ID del envío,"Forms, Sync Diagnostic, the failures, a column"
Submissions,Envíos,"Forms, a tab; Forms, Form Library, a column"
Submissions load failed: {0},No se pudieron cargar los envíos: {0},"Forms, a toast"
Submissions:,Envíos:,"Forms, the Jotform line at the top"
Submit report,Enviar el informe,Help
Submitted,Enviado,"Forms, Filed forms, the switch and a filed report's badge; Forms, Submissions, a column; Forms, a submission's window; Forms, Sync Diagnostic, the missing submissions"
Submitter,Remitente,"Forms, Submissions, a column; Forms, PDF Access Log, a column; Forms, a submission's window"
Submitter Name,Nombre del remitente,"Forms, Sync Diagnostic, the missing submissions, a column"
Submitting...,Enviando...,"Help, while a report is sent"
Success only,Solo correctos,"Forms, PDF Access Log, a filter"
Summary,Resumen,"Cases, a case's window"
Sun,Dom,Schedule; Shift Pickup
Sunday,Domingo,"Settings, the Company tab, the day a pay period starts"
Supervisor,Supervisor,"The shell; Live Operations, a person's role; Sites, General Info, a person's role; HR Records, a person's role; Staff Management, the list; Cases, a case's window, the access log; Settings, Roles and Permissions, the role reference, a column"
Supervisor section,Sección del supervisor,"Forms, a filed report"
Supervisors are scoped to their assigned sites for site-level actions.,"En las acciones de cada sitio, los supervisores solo actúan en sus sitios asignados.","Settings, Roles and Permissions, the role reference"
Supplemental,Suplementario,"Staff Management, the printed profile report, an employment type"
Supplies,Suministros,"The shell; Sites; Vendors, the list; Staff Management, Timeline, a kind of entry; Settings, Roles and Permissions, by person, a group"
Supplies & Inventory,Suministros e inventario,The shell
Supplies and Inventory,Suministros e inventario,"Inventory, the page's title"
Supplies and vendors,Suministros y proveedores,"Settings, Roles and Permissions, the role reference"
Supplies at This Site ({0}),Suministros en este sitio ({0}),"Sites, Supplies"
Supplies used,Suministros usados,"Reports, the supply report and its printed page"
Supply,Suministro,"Reports, a supply category; Reports, the supply report's filter and printed page"
Supply *,Suministro *,"Vendors, linking a supply"
Supply Usage and Cost,Uso y costo de suministros,"Reports, the supply report and its printed page; Reports, a report's source"
Supply assigned,Suministro asignado,"Sites, Supplies"
Supply catalog,Catálogo de suministros,"Settings, Roles and Permissions, a capability's name"
"Supply catalog: create, edit, remove","Catálogo de suministros: crear, editar y quitar","Settings, Roles and Permissions, the role reference"
Supply linked,Suministro vinculado,"Vendors, linking a supply"
Supply removed,Suministro quitado,"Sites, Supplies; Inventory, removing a supply"
Supply report settings,Configuración del informe de suministros,"Reports, adding or editing a supply report"
Supply unlinked,Suministro desvinculado,"Vendors, a vendor"
Supply updated,Suministro actualizado,"Inventory, editing a supply"
Sync Actions,Acciones de sincronización,"Forms, Settings"
Sync All Submissions,Sincronizar todos los envíos,"Forms, Submissions; Forms, Settings"
Sync Diagnostic,Diagnóstico de sincronización,"Forms, a tab"
Sync Form Catalog,Sincronizar el catálogo de formularios,"Forms, Settings"
Sync failed: {0},La sincronización falló: {0},"Forms, a toast"
"Synced {0} submissions ({1} new, {2} updated) across {3} form(s)","Se sincronizaron {0} envíos ({1} nuevos, {2} actualizados) en {3} formulario(s)","Forms, the toast after the submissions are synced"
Syncing...,Sincronizando...,"Forms, while forms or submissions sync"
System,Sistema,"Issue Tracker and Assigned Tasks, the activity, when no person made the change; Sites, the record window; Sites, the printed timeline; Staff Management, the printed timeline"
System category,Categoría del sistema,"Settings, Dropdown Options"
TEST,PRUEBA,"HR Records, a test account"
Take this case,Tomar este caso,"Cases, a case's window"
Tap Add or Install.,Toque Agregar o Instalar.,"The add to home screen sheet, Android by hand"
Tap Add to Home Screen.,Toque Agregar a pantalla de inicio.,"The add to home screen sheet, another browser on iPhone"
Tap Add to Home screen or Install app.,Toque Agregar a pantalla de inicio o Instalar aplicación.,"The add to home screen sheet, Android by hand"
Tap Add.,Toque Agregar.,"The add to home screen sheet, Safari"
Tap Install below.,Toque Instalar abajo.,"The add to home screen sheet, Android"
Tap the Share button at the bottom of the screen.,Toque el botón Compartir en la parte inferior de la pantalla.,"The add to home screen sheet, Safari"
Tap the Share button in the address bar.,Toque el botón Compartir en la barra de direcciones.,"The add to home screen sheet, another browser on iPhone"
Target Role (optional),Rol destinatario (opcional),"Forms, editing a form"
"Targets, response then resolution. High {0} and {1}. Medium {2} and {3}. Low {4} and {5}. Aging means open past its resolution target.","Objetivos, primero respuesta y luego resolución. Alta {0} y {1}. Media {2} y {3}. Baja {4} y {5}. Una incidencia atrasada sigue abierta después de su objetivo de resolución.","Reports, the issue report and its printed page"
Task,Tarea,"Assigned Tasks, the task photo for a screen reader"
Task Completion,Tareas completadas,"Reports, Quick snapshots"
Task Description *,Descripción de la tarea *,"Assigned Tasks, creating a task"
Task Detail,Detalle de la tarea,"Assigned Tasks, the task window"
Task Name,Nombre de la tarea,"Sites, editing a task"
Task Type,Tipo de tarea,"Sites, adding or editing a task"
Task created,Tarea creada,"Sites, adding a task"
Task created and assigned,Tarea creada y asignada,"Assigned Tasks, creating a task"
Task progress,Avance de tareas,Schedule
Task reassigned,Tarea reasignada,"Assigned Tasks, reassigning a task"
Task reference,Referencia de la tarea,"Sites, editing a task, the picture's name"
Task updated,Tarea actualizada,"Sites, editing a task"
Tasks,Tareas,"Sites; Staff Management, Timeline, a kind of entry"
Tasks ({0}),Tareas ({0}),"Sites, Service Details"
Tasks and assignments,Tareas y asignaciones,"Settings, Roles and Permissions, a capability's name"
"Tasks: create, assign, reassign","Tareas: crear, asignar y reasignar","Settings, Roles and Permissions, the role reference"
Tax Forms,Formularios de impuestos,"HR Records, a record's category"
Tell me what happened and I will tell you what to do.,Cuénteme qué pasó y le digo qué hacer.,"Help, before anything is written"
Template,Plantilla,"Reports, the library, a template's badge"
Template *,Plantilla *,"Inspections, scheduling or editing an inspection"
Template Name *,Nombre de la plantilla *,"Inspections, adding a template"
Template created,Plantilla creada,"Inspections, adding a template"
"Template, site, and date are required","La plantilla, el sitio y la fecha son obligatorios","Inspections, scheduling or editing an inspection"
Templates,Plantillas,"Inspections, a tab"
Text size,Tamaño del texto,The shell
That one is for admins. Ask an admin to take a look.,Ese es para administradores. Pídale a un administrador que lo revise.,The shell
"The Jotform Count is what Jotform's API reports for each form. The Our Count is what we have stored. A positive Delta means Jotform has submissions we never picked up. Click ""Show Missing IDs"" to see which specific submissions are missing and Force Fetch them one at a time. Unresolved Failures are submissions the sync attempted to insert but errored on. Use the Failures table below to retry or dismiss them.","El conteo de Jotform es lo que informa la API de Jotform para cada formulario. El conteo nuestro es lo que tenemos guardado. Una diferencia positiva significa que Jotform tiene envíos que nunca recogimos. Presione ""Mostrar los ID faltantes"" para ver cuáles faltan y forzar su descarga uno por uno. Los fallos sin resolver son envíos que la sincronización intentó insertar y dieron error. Use la tabla de fallos de abajo para reintentarlos o descartarlos.","Forms, Sync Diagnostic, the note"
The case goes back to the team.,El caso vuelve al equipo.,"Cases, a case's window, beside Release"
The connection dropped. Your answer is saved.,Se perdió la conexión. La respuesta quedó guardada.,"Help, when the connection drops while an answer is arriving"
The person reads your note in the app. Their notice shows only the dates.,La persona lee su nota en la aplicación. Su aviso muestra solo las fechas.,"Schedule, Time off, the hint under the note box"
The schedule fills 8 weeks ahead and keeps extending until the pattern is ended.,El horario se llena con 8 semanas de anticipación y sigue extendiéndose hasta que el patrón termine.,Schedule
The scheduled shift will be cancelled and posted as an open shift for eligible staff to claim.,El turno programado se cancela y se publica como turno abierto para que el personal elegible lo tome.,Schedule
The source record could not be found. It may have been deleted or the entry was logged with a temporary reference.,No se encontró el registro de origen. Es posible que se haya eliminado o que la entrada se registrara con una referencia temporal.,"Staff Management, a record's window"
"The task will appear in the staff member's ""Assigned Tasks"" tab where they can mark it as in progress, resolved, or unable to resolve.","La tarea aparecerá en la pestaña ""Tareas asignadas"" de la persona, donde podrá marcarla como en curso, resuelta o imposible de resolver.","Issue Tracker, giving an issue to a person"
The team promised a response within 72 hours of filing.,El equipo se comprometió a responder en un plazo de 72 horas desde la presentación.,"Cases, a case's window"
Then add it to your home screen from that browser.,Luego agréguela a su pantalla de inicio desde ese navegador.,"The add to home screen sheet, inside another app's browser"
These people are told about this form as well as anyone under Every form.,"Estas personas reciben avisos de este formulario, igual que quienes están en Todos los formularios.","Settings, Who gets told"
These still need an answer,Estas todavía necesitan respuesta,"Forms, the form window, the review's missing list"
They will get an email. The email carries no case text.,Recibirá un correo. El correo no incluye el texto del caso.,"Cases, a case's window, under Hand to"
This form could not be read. Close the window and try again.,No se pudo leer este formulario. Cierre la ventana e intente de nuevo.,"Forms, the form window, with no catalog entry for the draft"
This form was already sent.,Este formulario ya se envió.,"Forms, the form window, after a Send the API answered 409"
This Month,Este mes,"The shell, the date range; Shift Pickup; Reports, adding or editing a report, the default range; Reports, a report's date range"
This question cannot be answered here yet. Your supervisor will finish it.,Esta pregunta todavía no se puede responder aquí. Su supervisor la completará.,"Forms, the form window, a question of a type the window does not draw"
This question is full.,Esta pregunta está llena.,"Forms, a filed report, a photos question that holds all the photos it takes"
This Week,Esta semana,"The shell, the date range; Schedule; Shift Pickup"
This affects future auto-matching. Existing linked submissions are not changed.,Esto afecta las futuras vinculaciones automáticas. Los envíos ya vinculados no cambian.,"Forms, Aliases, the question before an alias is removed"
This case is not available.,Este caso no está disponible.,"Cases, the list, a case that cannot be opened"
This issue is currently assigned to someone. Selecting a new person will remove the previous assignment.,Esta incidencia ya está asignada a alguien. Elegir a otra persona quita la asignación anterior.,"Issue Tracker, giving an issue to a person"
This item was not scored (inspection not yet completed).,Este elemento no se calificó (la inspección aún no se completa).,"Inspections, an inspection, a line item"
This page is for admins.,Esta página es para administradores.,The admin line
"This photo could not be read here. Choose a JPEG or PNG, or take a screenshot of it.","No se pudo leer esta foto aquí. Elija un JPEG o un PNG, o tómele una captura de pantalla.","Help, a photo the browser cannot open"
"This report could not be found, or your account cannot open it.","No se encontró este informe, o su cuenta no puede abrirlo.","Forms, a filed report the API cannot find"
This report's data source arrives with the report templates workstream. It will run here once that ships.,La fuente de datos de este informe llegará con las plantillas de informes. Se ejecutará aquí cuando esté disponible.,"Reports, a report whose source is not live yet"
This shift is open in the marketplace and available for staff to claim.,Este turno está abierto en el tablero y cualquier persona elegible puede tomarlo.,Schedule
This shift runs past midnight. Pick the day it starts.,Este turno pasa de la medianoche. Elija el día en que comienza.,"Schedule, adding a shift, the note about an overnight shift"
"This source arrives with the report templates workstream. You can save the report now, and it will run once its data source ships.",Esta fuente llegará con las plantillas de informes. Puede guardar el informe ahora y se ejecutará cuando su fuente de datos esté disponible.,"Reports, adding or editing a report whose source is not live yet"
This table is full.,Esta tabla está llena.,"Forms, a filed report, a table in the supervisor section"
Thu,Jue,Schedule; Shift Pickup
Thursday,Jueves,"Settings, the Company tab, the day a pay period starts"
Tick at least one person,Marque al menos a una persona,"HR Records, logging training for several people, a save with nobody ticked"
Time,Hora,"The shell; Schedule; Shift Pickup; Schedule, Time off; Schedule, a time off request; Sites, the printed timeline; Staff Management, the printed timeline"
Time off,Tiempo libre,Schedule
Time off ({0}),Tiempo libre ({0}),"Schedule, the Time off tab"
Time off approved. They get a notice in the app.,Tiempo libre aprobado. La persona recibe un aviso en la aplicación.,"Schedule, a time off request"
Time off denied. They get a notice in the app.,Tiempo libre denegado. La persona recibe un aviso en la aplicación.,"Schedule, a time off request"
Time off request,Solicitud de tiempo libre,"Schedule, a time off request"
Timeline,Historial,"Sites, a site's profile; Staff Management, a person's profile"
Times Scored,Veces calificado,"Inspections, Reports"
Times checked,Veces revisado,"Reports, the inspection report's printed page"
Timesheets,Hojas de horas,"Staff Management, Timeline, a kind of entry; Settings, Roles and Permissions, the role reference"
Timezone,Zona horaria,"Settings, the Company tab"
Title,Título,"Forms, Form Library, a column; Forms, editing a form"
To: {0},Hasta: {0},"Sites, the printed timeline; Staff Management, the printed timeline"
Today,Hoy,"The shell, the date range"
Told when everyone else on the team is named in a report.,Recibe el aviso cuando todas las demás personas del equipo aparecen en un informe.,"Settings, Who gets told"
"Too many files. Maximum 50 per upload, you selected {0}.",Demasiados archivos. El máximo es 50 por subida y seleccionó {0}.,"Forms, Submissions, the bulk upload"
Top supplies by cost,Suministros con mayor costo,"Reports, adding or editing a supply report; Reports, the supply report, a chart and its printed page"
Total,Total,"Shift Pickup; Reports, Quick snapshots"
Total Claimed,Total tomados,Shift Pickup
Total Forms,Formularios en total,"Forms, Sync Diagnostic, a tile"
Total Pickups,Turnos tomados,"Sites, Shifts & Schedule"
Training,Capacitación,"HR Records; Staff Management, Timeline, a kind of entry; Staff Management, the HR Files tab"
Training Name,Nombre de la capacitación,"HR Records, Training; HR Records, adding a training record; HR Records, logging training for several people; HR Records, Training, who has no record of a training; HR Records, the printed attendance sheet"
Training Records ({0}),Registros de capacitación ({0}),"Staff Management, the HR Files tab"
Training Type,Tipo de capacitación,"HR Records, adding a training record; HR Records, logging training for several people; HR Records, the printed attendance sheet"
Training record added,Registro de capacitación agregado,"HR Records, adding a training record"
Training record not found,No se encontró el registro de capacitación,"HR Records, a folder"
Training record updated,Registro de capacitación actualizado,"HR Records, editing a training record"
Trend bucket,Agrupación de la tendencia,"Reports, adding or editing a report"
Trend by {0},Tendencia por {0},"Reports, the issue report's printed page, {0} is day, week or month"
Triggered By,Iniciado por,"Forms, Settings, the sync log, a column"
Try again,Intentar de nuevo,"The bell; Schedule, Patterns; Schedule, Time off; Help, a photo that did not upload; Help, reading an answer back after the connection dropped; Settings, Who gets told; HR Records, logging training for several people, the people a save could not log; Forms, Filed forms, after a refusal"
Try clearing filters.,Pruebe a quitar los filtros.,"Assigned Tasks, when the list is empty and a filter is set"
Tue,Mar,Schedule; Shift Pickup
Tuesday,Martes,"Settings, the Company tab, the day a pay period starts"
Type,Tipo,"Schedule, Time off; Schedule, a time off request; HR Records, Training; Staff Management, the printed profile report; Staff Management, Add Certification; Settings, Site Lookups; Forms, Settings, the sync log, a column; Forms, Aliases, adding an alias and a column"
Type a message,Escriba un mensaje,"Messages, the box a message is written in"
Type {0} to confirm.,Escriba {0} para confirmar.,"Sites, deleting a site"
Typical run time is 1 to 5 minutes depending on volume. Do not close this page while it runs. You can monitor progress in the Sync Log table below after it completes.,Suele tardar de 1 a 5 minutos según el volumen. No cierre esta página mientras se ejecuta. Puede seguir el avance en la tabla del registro de sincronizaciones cuando termine.,"Forms, Settings, the full refresh window"
Untitled form,Formulario sin título,"Forms, the form window, a draft with no name"
URGENT,URGENTE,Shift Pickup
Unable to Resolve,No se pudo resolver,"Issue Tracker and Assigned Tasks, the activity in the window; Assigned Tasks, the state filter"
Unassigned,Sin asignar,"Schedule; Shift Pickup; Assigned Tasks, the task window; Inspections, Scheduled; Inspections, scheduling or editing an inspection"
Uncategorized,Sin categoría,"HR Records, a record's category"
Unfinished,Sin terminar,"Forms, Filed forms, the switch and a report's badge"
Unfinished reports,Informes sin terminar,Help
Unheld,Sin responsable,"Cases, the list, a case nobody holds"
Unit,Unidad,"Inventory, editing a supply"
Unit *,Unidad *,"Inventory, adding a supply"
Unit Cost,Costo unitario,"Vendors, linking a supply"
Unknown,Desconocido,"Sites, Chat, a message with no sender; Sites, the printed chat history, a sender with no name; Forms, a submission's window, a submission with no name"
Unlink,Desvincular,"Service Catalog, a service; Vendors, a vendor; Forms, a submission's window"
Unlinked,Desvinculado,"Forms, a submission's window, a toast"
Unlinked only,Solo sin vincular,"Forms, Submissions, a filter"
Unmatched,Sin asociar,"Forms, Submissions, a submission with nobody matched; Forms, a submission's window"
Unmatched: {0},Sin coincidencia: {0},"Forms, Submissions, the toast after the PDF backfill and the bulk upload"
Unresolved Failures,Fallos sin resolver,"Forms, Sync Diagnostic, a tile"
Unresolved Submission Failures,Fallos de envío sin resolver,"Forms, Sync Diagnostic"
Unspecified,Sin especificar,"Staff Management, the Profile tab, the form, an employment type; Staff Management, Add New Staff; Staff Management, Edit Staff Info"
Until,Hasta,Schedule
Upcoming,Próximos,"Schedule, Patterns"
Upcoming Shifts (Next 7 Days),Próximos turnos (siguientes 7 días),"Sites, Shifts & Schedule"
Updated,Actualizado,"Issue Tracker, after an issue's state is changed; Staff Management, a person's profile; Settings, Site Lookups"
Updated the case,Actualizó el caso,"Cases, a case's window, the access log"
Upload File,Subir un archivo,"HR Records, adding a document"
Upload Logo,Subir logotipo,"Settings, the Company tab"
"Upload a photo or video (up to 50MB), or paste a YouTube link above","Suba una foto o un video (hasta 50 MB), o pegue arriba un enlace de YouTube","Assigned Tasks, creating a task; Sites, adding or editing a task"
Upload failed,No se pudo subir el archivo,"Assigned Tasks, creating a task; Help, a photo that did not upload; Any page, an upload the API refused without a reason; Sites, adding or editing a task"
Upload failed ({0}): {1},No se pudo subir el archivo ({0}): {1},"HR Records, adding a document"
Upload failed with status {0},La subida falló con el estado {0},"Forms, Submissions, the bulk upload"
Upload failed: {0},No se pudo subir el archivo: {0},"Sites, General Info"
Uploaded,Archivo subido,"Assigned Tasks, creating a task; Sites, adding or editing a task"
Uploaded By,Subido por,"HR Records, Documents and Other"
Uploaded: {0},Subidos: {0},"Forms, Submissions, the toast after the bulk upload"
Uploading...,Subiendo...,"Assigned Tasks, creating a task; Help, a photo on its way; Sites; Settings, the Company tab; Forms, Submissions, while PDFs upload"
Urgency,Urgencia,Shift Pickup
Urgent,Urgente,Shift Pickup
Usage events,Registros de uso,"Reports, the supply report and its printed page"
Use company branding on export,Usar la marca de la empresa al exportar,"Reports, adding or editing a report"
Use this as a reference. Change what one person may do under By person.,Úselo como referencia. Lo que una persona puede hacer se cambia en Por persona.,"Settings, Roles and Permissions, the role reference"
"Use this only when you have a specific reason, such as: you have made changes in Jotform that are not appearing here, the field-extraction logic has changed, or you suspect the cache is out of sync. For normal daily operations, the regular ""Sync All Submissions"" button is sufficient.","Úsela solo con un motivo concreto, por ejemplo: hizo cambios en Jotform que no aparecen aquí, cambió la lógica de extracción de campos, o sospecha que la copia local está desactualizada. Para el trabajo diario basta con el botón ""Sincronizar todos los envíos"".","Forms, Settings, the full refresh window"
"Used by Speak Up. People only, never outside addresses. Nothing uses this until the Speak Up update.","Lo usa Confianza. Solo personas, nunca direcciones externas. Nada lo usa hasta la actualización de Confianza.","Settings, Who gets told"
User,Persona,"Forms, PDF Access Log, a column; Forms, Aliases, adding an alias"
User {0},Usuario {0},"Settings, Roles and Permissions, by person, a person with no name"
Username,Nombre de usuario,"Forms, Settings"
Valid,Vigente,"HR Records, a record not yet expired"
Value,Valor,"Settings, Site Lookups; Forms, Aliases, a column"
Value (lowercased automatically),Valor (se pasa a minúsculas automáticamente),"Forms, Aliases, adding an alias"
Value (stored),Valor (se guarda),"Settings, Dropdown Options"
Value (stored) *,Valor (se guarda) *,"Settings, Dropdown Options"
Value *,Valor *,"Settings, Site Lookups"
Value added,Valor agregado,"Settings, Dropdown Options"
Value and label required,El valor y el nombre son obligatorios,"Settings, Dropdown Options; Settings, Site Lookups"
Value updated,Valor actualizado,"Settings, Dropdown Options"
Vendor,Proveedor,"Vendors, the list"
Vendor / W-9,Proveedor / W-9,"HR Records, a record's category"
Vendor Name *,Nombre del proveedor *,"Vendors, adding or editing a vendor"
Vendor Registry,Registro de proveedores,"The shell; Vendors, the page's title"
Vendor added,Proveedor agregado,"Vendors, adding a vendor"
Vendor name required,El nombre del proveedor es obligatorio,"Vendors, adding a vendor"
Vendor removed,Proveedor quitado,"Vendors, a vendor"
Vendor updated,Proveedor actualizado,"Vendors, editing a vendor"
Vendors,Proveedores,The shell
Vendors and services,Proveedores y servicios,"Settings, Roles and Permissions, a capability's name"
"Vendors: create, edit, remove, link","Proveedores: crear, editar, quitar y vincular","Settings, Roles and Permissions, the role reference"
Vendors: evaluate and export,Proveedores: evaluar y exportar,"Settings, Roles and Permissions, the role reference"
Vendors: view,Proveedores: ver,"Settings, Roles and Permissions, the role reference"
View,Ver,"Sites, General Info; Staff Management, the HR Files tab; Forms, Submissions; Forms, PDF Access Log, a filter and a badge"
View All,Ver todo,"Assigned Tasks, clearing the filters"
View Original PDF,Ver el PDF original,"Forms, a submission's window"
View PDF,Ver el PDF,"HR Records, a folder"
View Site,Ver el sitio web,"Vendors, a vendor's website"
View all,Ver todo,"Dashboard, the link above a chart"
View file,Ver el archivo,"Staff Management, a record's window, a long web address"
View inspection,Ver la inspección,"Inspections, Scheduled and Completed"
View profile,Ver el perfil,"Staff Management, the list, a button's name"
View shift,Ver el turno,Shift Pickup
View site,Ver el sitio,"Sites, the list"
View vendor,Ver el proveedor,"Vendors, the list"
Voluntary Drop,Baja voluntaria,Shift Pickup
Voluntary Drops,Bajas voluntarias,Shift Pickup
Website,Sitio web,"Vendors, a vendor; Vendors, adding or editing a vendor; Settings, the Company tab"
Wed,Mié,Schedule; Shift Pickup
Wednesday,Miércoles,"Settings, the Company tab, the day a pay period starts"
Week,Semana,Schedule
Weekly,Semanal,"Sites, editing a site, Billing; Reports, a trend's bucket"
Weekly Trend,Tendencia semanal,Shift Pickup
Weekly pattern,Patrón semanal,"Schedule, a pattern"
"Welcome back, {0}","Bienvenido de nuevo, {0}","The shell, the top bar"
"Welcome, {0}","Bienvenido, {0}","The shell, the line after a sign-in"
What this does,Qué hace,"Forms, Settings, the full refresh window"
What this report covers,Lo que cubre este informe,"Reports, adding or editing a report, the description"
What was reported,Lo que se informó,"Forms, a filed report"
When,Cuándo,"Forms, PDF Access Log, a column; Reports, Client ratings, the printed page, when a comment was written"
"When a submitter's name or email does not exactly match a user record, auto-link falls back to the alias table. Aliases are added in two ways: (a) automatically whenever an admin manually links a submission to a user (source = manual_link), and (b) explicitly in this tab (source = admin_added). The five-tier matching order is: employee ID exact, email exact, email alias, name exact, name alias. Each alias's last_matched_at and match_count show when and how often it has helped.","Cuando el nombre o el correo de un remitente no coincide exactamente con un registro de usuario, la vinculación automática recurre a la tabla de alias. Los alias se agregan de dos formas: (a) automáticamente cada vez que un administrador vincula a mano un envío con una persona (source = manual_link), y (b) de forma explícita en esta pestaña (source = admin_added). El orden de coincidencia, en cinco niveles, es: ID de empleado exacto, correo exacto, alias de correo, nombre exacto, alias de nombre. Los campos last_matched_at y match_count de cada alias muestran cuándo y cuántas veces ha servido.","Forms, Aliases, the note"
"When set, each submission will auto-compute an expiry date.","Si se indica, cada envío calculará su fecha de vencimiento automáticamente.","Forms, editing a form"
When to use this,Cuándo usarla,"Forms, Settings, the full refresh window"
Who attended,Quiénes asistieron,"HR Records, logging training for several people"
Who gets told,Quién recibe avisos,"Settings, the tabs"
Who has no record,Quién no tiene registro,"HR Records, Training, the list of active people with no record of a training"
Work Started,Trabajo iniciado,"Issue Tracker and Assigned Tasks, the activity in the window"
Worked,Trabajados,"Sites, Shifts & Schedule"
Working from the written procedure only right now.,Por ahora trabajo solo con el procedimiento escrito.,"Help, under an answer given without the assistant"
Working...,Procesando...,"Forms, a submission's window, while its PDF is fetched"
Works,Funciona,"Forms, Settings, the diagnostic"
Yes,Sí,"Reports, the supply report's printed page, whether a supply is green certified; Cases, the list; Forms, a filed report, a ticked box; Forms, Sync Diagnostic, the failures"
You can send up to 3 photos with one message.,Puede enviar hasta 3 fotos con un mensaje.,"Help, the camera button once three photos are waiting"
YouTube link attached,Enlace de YouTube adjunto,"Sites, editing a task"
Your account cannot read incident reports.,Su cuenta no puede leer los informes de incidentes.,"Forms, Filed forms, when the API refuses the list"
Your messages,Sus mensajes,"Messages, before a conversation is picked"
ZIP,Código postal,"Vendors, adding or editing a vendor"
Zip,Código postal,"Sites, adding or editing a site; Staff Management, the Profile tab"
Zone,Zona,"Issue Tracker, the issue window; Assigned Tasks, the task window; Sites, editing a task; Inspections, a template, adding a line item; Inspections, Reports; Reports, the inspection report's printed page; Settings, Site Lookups"
Zone *,Zona *,"Assigned Tasks, creating a task; Sites, adding a task"
Zones,Zonas,"Sites, General Info; Settings, Site Lookups"
across {0},de {0},"Forms, Aliases, the count line"
annual,anual,"Sites, General Info, how often a site is billed"
at {0},en {0},"Inventory, Requests, the site a request is for"
biweekly,quincenal,"Sites, General Info, how often a site is billed"
by {0},por {0},"Issue Tracker and Assigned Tasks, the activity, who made the change; HR Records, who gave a training or finished a step; Staff Management, the Timeline tab; Staff Management, a record's window; Forms, a submission's window, who linked it"
clock in,entrada registrada,"Sites, the record window, what happened; Staff Management, a record's printed page"
critical,crítica,"Assigned Tasks, how urgent a task is, which agrees with prioridad; Sites, Service Details, a task's priority"
deleted user,persona eliminada,"Forms, PDF Access Log, an event whose person is gone"
e.g. #24A4F4,p. ej. #24A4F4,"Settings, Dropdown Options"
e.g. 1,p. ej. 1,"Assigned Tasks, creating a task, the floor"
"e.g. 1, 2, B","p. ej. 1, 2, B","Sites, adding or editing a task"
e.g. 365 for annual expiration,p. ej. 365 para vencimiento anual,"Forms, editing a form"
e.g. 95% or Pass,p. ej. 95% o Aprobado,"HR Records, adding a training record"
e.g. All-Purpose Cleaner,p. ej. Limpiador multiusos,"Inventory, adding a supply"
e.g. Clean window blinds in conference room,p. ej. Limpiar las persianas de la sala de reuniones,"Assigned Tasks, creating a task"
e.g. Complete bloodborne pathogens training,p. ej. Completar la capacitación sobre patógenos transmitidos por la sangre,"HR Records, adding an onboarding step"
e.g. Equipment Types,p. ej. Tipos de equipo,"Settings, Dropdown Options"
e.g. Floor Technician,p. ej. Técnico de pisos,"Settings, Dropdown Options"
e.g. General Cleaning Training,p. ej. Capacitación general de limpieza,"HR Records, adding a training record; HR Records, logging training for several people"
e.g. Green Cleaning Fundamentals,p. ej. Fundamentos de limpieza ecológica,"Staff Management, Add Certification, an example name"
"e.g. Green cleaning only, monthly frequency","p. ej. Solo limpieza ecológica, frecuencia mensual","Service Catalog, linking a site"
e.g. Gymnasium,p. ej. Gimnasio,"Settings, Site Lookups"
e.g. High severity weekly,"p. ej. Severidad alta, semanal","Reports, adding or editing a report, the name"
"e.g. ISSA, OSHA","p. ej. ISSA, OSHA","Staff Management, Add Certification, an example of who issues one"
e.g. Main,p. ej. Principal,"Assigned Tasks, creating a task, the building; Sites, adding or editing a task"
e.g. Office Cleaning,p. ej. Limpieza de oficinas,"Service Catalog, adding or editing a service"
e.g. Offices,p. ej. Oficinas,"Assigned Tasks, creating a task, the zone"
e.g. Restrooms,p. ej. Baños,"Sites, adding a task"
e.g. Site supervisor,p. ej. Supervisor del sitio,"HR Records, adding a training record"
e.g. Standard Office Cleaning,p. ej. Limpieza estándar de oficinas,"Inspections, adding a template"
e.g. Toilets scrubbed and sanitized,p. ej. Inodoros tallados y desinfectados,"Inspections, a template, adding a line item"
e.g. Vacuum carpets,p. ej. Aspirar las alfombras,"Sites, adding a task"
"e.g. cleaner, supervisor, admin","p. ej. cleaner, supervisor, admin","Forms, editing a form, the example of a role"
e.g. equipment_types,p. ej. tipos_de_equipo,"Settings, Dropdown Options"
e.g. floor_tech,p. ej. tecnico_de_pisos,"Settings, Dropdown Options"
e.g. {0},p. ej. {0},"HR Records, adding a training record, an example of who gave it; Inventory, adding a supply, an example of a certification; Vendors, adding or editing a vendor, an example vendor and an example certification"
email,correo,"Forms, Aliases, a kind of alias; Forms, a submission's window, the alias recorded"
email alias already mapped to a different user,el alias de correo ya corresponde a otra persona,"Forms, a submission's window, linking it to a person"
email {0},correo {0},"Forms, Submissions, the toast after auto-link, how each match was made"
email-alias {0},alias de correo {0},"Forms, Submissions, the toast after auto-link, how each match was made"
ends next day,termina al día siguiente,"Schedule, Patterns, the hours of a pattern that runs past midnight"
ends {0},termina el {0},"Schedule, Patterns, the pattern window, the end date"
failed,fallido,"Forms, PDF Access Log, an event's badge"
first last as they submitted,nombre apellido tal como lo enviaron,"Forms, Aliases, adding an alias, the example of a name"
general cleaning guidance,una guía general de limpieza,"Help, the line under an answer, a reference it is based on"
generated {0},generado el {0},"Reports, a report's printed page, {0} is the date and time; Reports, Client ratings, the printed page"
high,alta,"Issue Tracker, how serious an issue is, which agrees with gravedad; Assigned Tasks, how urgent a task is, which agrees with prioridad; Sites, Service Details, a task's priority; Inventory, a supply request's urgency"
in progress,en curso,"Issue Tracker, the filter and an incidencia being worked on; Assigned Tasks, a tarea being worked on; HR Records, a folder, a record's status; Inspections, an inspection's status"
issue reported,incidencia reportada,"Sites, the record window, what happened; Staff Management, a record's printed page"
jdoe.personal@gmail.com,jperez.personal@gmail.com,"Forms, Aliases, adding an alias, the example of an email"
logo,logotipo,"Settings, the Company tab, the logo's description for a screen reader"
low,baja,"Issue Tracker, how serious an issue is, which agrees with gravedad; Inventory, a supply request's urgency"
max {0} pts,máx. {0} pts,"Inspections, a template, a line item"
medium,media,"Issue Tracker, how serious an issue is, which agrees with gravedad"
message sent,mensaje enviado,"Sites, the record window, what happened; Staff Management, a record's printed page"
monthly,mensual,"Sites, General Info, how often a site is billed"
n/a,n/d,"Reports, a figure with nothing to measure yet"
name,nombre,"Forms, Aliases, a kind of alias; Forms, a submission's window, the alias recorded"
name alias already mapped to a different user,el alias de nombre ya corresponde a otra persona,"Forms, a submission's window, linking it to a person"
name {0},nombre {0},"Forms, Submissions, the toast after auto-link, how each match was made"
name-alias {0},alias de nombre {0},"Forms, Submissions, the toast after auto-link, how each match was made"
name@email.com,nombre@correo.com,"Staff Management, Add New Staff, an example address"
never,nunca,"Forms, Aliases, an alias that has never matched"
no email,sin correo,"Forms, Aliases, adding an alias, a person with no email"
normal,normal,"Inventory, a supply request's urgency"
note: {0},nota: {0},"HR Records, a folder"
of {0} active,de {0} activos,"Dashboard, under the started tile"
on {0},el {0},"Forms, a submission's window, when it was linked"
pending,pendiente,"Assigned Tasks, a task nobody has started; HR Records, a person's or a record's status; Inventory, a supply request's state; Vendors, a vendor's approval status; Staff Management, the printed profile report; Staff Management, the list"
prompts text input,muestra un cuadro de texto,"Settings, Dropdown Options, a value that asks for text"
quarterly,trimestral,"Sites, General Info, how often a site is billed"
shift created,turno creado,"Sites, the record window, what happened; Staff Management, a record's printed page"
shift deleted,turno eliminado,"Sites, the record window, what happened; Staff Management, a record's printed page"
shift session,sesión de turno,"Sites, the printed timeline, a record's kind; Staff Management, the printed timeline"
shift updated,turno actualizado,"Sites, the record window, what happened; Staff Management, a record's printed page"
site assigned,sitio asignado,"Sites, the record window, what happened; Staff Management, a record's printed page"
site unassigned,sitio desasignado,"Sites, the record window, what happened; Staff Management, a record's printed page"
someone,alguien,"Forms, a filed report, a stamp with no name"
staff site assignment,asignación de sitio,"Staff Management, the printed timeline, a record's kind"
standard,estándar,"Sites, Service Details, a task's priority"
success,correcto,"Forms, PDF Access Log, an event's badge"
supply logged,suministro registrado,"Sites, the record window, what happened; Staff Management, a record's printed page"
supply usage,uso de suministros,"Sites, the printed timeline, a record's kind; Staff Management, the printed timeline"
task completed,tarea completada,"Sites, the record window, what happened; Staff Management, a record's printed page"
the ADP guide,la guía de ADP,"Help, the line under an answer, a guide it is based on"
the app guide,la guía de la aplicación,"Help, the line under an answer, a guide it is based on"
to {0},a {0},"Sites, General Info, the end of the contract dates"
today,hoy,"HR Records, a card's last activity"
unable to resolve,no se pudo resolver,"Assigned Tasks, a task that could not be done"
unknown,desconocido,"Forms, Submissions, a submission with no name"
urgent,urgente,"Assigned Tasks, how urgent a task is; Sites, Service Details, a task's priority; Inventory, a supply request's urgency"
weekly,semanal,"Sites, General Info, how often a site is billed"
weeks,semanas,"Schedule, adding a shift, the word after the number of weeks"
why is this an alias,por qué es un alias,"Forms, Aliases, adding an alias, the notes"
with a link to the app,con un enlace a la aplicación,"Forms, a filed report, once it is sent again"
with the PDF attached,con el PDF adjunto,"Forms, a filed report, once it is sent again"
yesterday,ayer,"HR Records, a card's last activity"
{0} (no dashes needed),{0} (sin guiones),"Staff Management, Add New Staff, an example phone number"
{0} - Activity Timeline,{0} - Historial de actividad,"Staff Management, the printed timeline, its heading"
{0} - Chat History,{0} - Historial del chat,"Sites, the printed chat history, its title"
{0} - Employee Report,{0} - Informe de la persona,"Staff Management, the printed profile report, its window title"
{0} - Site Timeline,{0} - Historial del sitio,"Sites, the printed timeline, its title"
{0} Admin,{0} Administración,The shell
{0} answered,{0} respondidas,"Forms, the form window, the head"
{0} photo,{0} foto,"Forms, the form window, the review, a photos question"
{0} photos,{0} fotos,"Forms, the form window, the review, a photos question"
{0} Supervisor,{0} Supervisión,The shell
"{0} added, {1} removed, {2} kept","{0} agregados, {1} quitados, {2} conservados","Schedule, Patterns, the pattern window, the result of a change"
"{0} added, {1} removed, {2} total","{0} agregados, {1} eliminados, {2} en total","Schedule, after a pattern is saved"
"{0} answered, {1} to go","{0} respondidas, {1} pendientes","Forms, a filed report that is not finished"
{0} at {1},{0} en {1},"Schedule, Patterns, the pattern window, the person and the site"
{0} cases need attention,{0} casos necesitan atención,"The shell, the cases warning"
{0} claimed,{0} tomados,"Schedule, Month, the claimed pickups on a day"
{0} claimed with overtime risk,{0} tomados con riesgo de horas extra,"Shift Pickup, Analytics"
{0} claims,{0} tomados,"Shift Pickup, Analytics, how many shifts a person took"
{0} dates were skipped because this person is already scheduled at that time:,Se omitieron {0} fechas porque esta persona ya tiene un turno a esa hora:,"Schedule, after a pattern is saved"
{0} days ago,hace {0} días,"HR Records, a card's last activity"
{0} folders found,{0} carpetas encontradas,"Forms, Settings, the diagnostic"
{0} for {1},{0} para {1},"Settings, Who gets told, a delivery choice's name for a screen reader"
{0} labels returned,{0} etiquetas devueltas,"Forms, Settings, the diagnostic"
{0} new,{0} nuevos,"Forms, the toast after the forms are synced"
{0} of {1},{0} de {1},"Dashboard, the tasks done on a shift; Forms, Filed forms, how many questions are answered; Reports, Client ratings, an average out of 10; a filed report's review window, a rating question and a survey's averages from its version 2"
{0} of {1} answered,{0} de {1} respondidas,"Help, how many questions of a report are answered"
{0} of {1} tasks,{0} de {1} tareas,"Schedule, Week, the tasks done on a shift; Live Operations, the tasks done on a shift"
{0} open,{0} abiertos,"Schedule, Month, the open pickups on a day"
{0} open issues,{0} incidencias abiertas,"Dashboard, the issues tile"
{0} pending,{0} pendientes,"Dashboard, the pending staff button"
{0} purged ({1} submissions removed),{0} depurados ({1} envíos eliminados),"Forms, the toast after the forms are synced"
{0} scheduled,{0} programados,"Schedule, Month, the shifts on a day"
{0} skipped (wrong prefix),{0} omitidos (prefijo incorrecto),"Forms, the toast after the forms are synced"
{0} staff,{0} personas,"Schedule, Week, a choice of how many people to show"
{0} to {1},{0} a {1},"Schedule and Shift Pickup, a start time and an end time; Reports, a report's printed page, the date range"
"{0} total, {1} callouts","{0} en total, {1} ausencias","Shift Pickup, Analytics, the counts under a site"
{0} unread notifications,{0} avisos sin leer,"The shell, the bell's label"
{0} updated,{0} actualizados,"Forms, the toast after the forms are synced"
{0}% callouts,{0}% de ausencias,"Shift Pickup, Analytics"
{0}% filled,{0}% cubierto,"Shift Pickup, Analytics"
{0}/{1} filled,{0}/{1} cubiertos,"Shift Pickup, Analytics, the filled count in a bar"
{0}/{1} pts,{0}/{1} pts,"Inspections, a score out of a total"
{0}: {1}% on {2},{0}: {1}% el {2},"Inspections, Reports, a bar of the score trend"
{0}d,{0}d,"The bell, an age in days"
{0}d lead,{0} d de entrega,"Vendors, a vendor, a linked supply's lead time"
{0}h,{0}h,"The bell, an age in hours"
{0}h past,{0} h de retraso,"Cases, the response clock, hours past the 72"
{0}m,{0}m,"The bell, an age in minutes"
{0}w ago,hace {0} sem.,"HR Records, a card's last activity"
Active,Activo,"Schedule, Patterns, a patron that is running"
Active,Activa,"Staff, a persona who is working"
Active,Activos,"Sites, the list, the filter that agrees with sitios"
Active,Activas,"Staff Management, the list, a tab"
Aging,Atrasadas,"Reports, the issue report's printed page, issues open past their resolution target"
All,Todos,"Schedule, Patterns, the filter that agrees with patrones"
All,Todas,"Schedule, Patterns, the person filter, which agrees with personas; Staff Management, the list"
All,Todas,"Schedule, Time off, the filter that agrees with solicitudes"
All,Todos,"Shift Pickup, the filter that agrees with turnos"
All,Todos,"Schedule and Shift Pickup, the site filter, which agrees with sitios; Sites, the list, the filter that agrees with sitios"
All,Todo,"Sites, Timeline, every kind of entry; Staff Management, Timeline, a kind of entry"
All,Todos,"Vendors, the list, the filter that agrees with proveedores"
All,Todas,"Inspections, Scheduled, the filter that agrees with inspecciones"
All,Todos,"Cases, the list, the tab that agrees with casos"
All Areas,Todas las áreas,"Inspections, a line item's zone"
All staff,Todo el personal,"Settings, Roles and Permissions, the role reference, a level of access"
Approved,Aprobada,"Schedule, Time off, a solicitud that was approved"
Approved,Aprobado,"Shift Pickup, a turno that was approved; Shift Pickup, a shift's status"
Approved,Aprobado,"Vendors, adding or editing a vendor, Approval Status, which agrees with proveedor"
Approved,Aprobados,"Vendors, the list, the filter that agrees with proveedores"
Assigned,Asignada,"Issue Tracker, the issue window, an incidencia given to somebody"
Assigned,Asignado,"Schedule, a turno given to somebody"
Assigned,Asignada,"Assigned Tasks, a tarea given to somebody; Assigned Tasks, the task window, the activity"
Assigned,Asignada a,"Inspections, Scheduled and Completed, the person column"
Assigned,Asignados,"Settings, Roles and Permissions, the role reference, a level of access"
Assigned sites,Sitios asignados,"Settings, Roles and Permissions, the role reference, a level of access"
Cancelled,Cancelada,"Schedule, an inspeccion that was cancelled"
Cancelled,Cancelada,"Schedule, Time off, a solicitud the person withdrew"
Cancelled,Cancelado,"Schedule, a turno that was cancelled"
Claimed,Tomado,"Shift Pickup, a turno somebody took"
Closed,Cerrado,"Cases, a caso that is finished; Cases, a case's status"
Closed,Cerrado,"Shift Pickup, a turno that is finished"
Common Areas,Áreas comunes,"Inspections, a line item's zone"
Complete assigned,Completar las asignadas,"Settings, Roles and Permissions, the role reference, a level of access"
Completed,Completada,"Schedule, an inspeccion that is finished"
Completed,Completado,"Schedule, a turno that is finished"
Completed,Completadas,"Inspections, a tab, which agrees with inspecciones"
DOC,DOC,"HR Records, a folder, the short name for a document"
Default,Predeterminado,"Settings, Roles and Permissions, by person, a capability that follows the role"
Denied,Denegada,"Schedule, Time off, a solicitud that was denied"
Due soon,Vence pronto,"Cases, the response clock"
Ended,Terminado,"Schedule, Patterns, a patron that has stopped"
Escalated,Escalado,"Cases, a case's status"
Expired,Vencidos,"HR Records, Employees, the filter for expired records"
Expired,Vencido,"HR Records, a record past its expiry date"
Expired,Vencido,"Shift Pickup, a shift's status"
Exterior,Exterior,"Inspections, a line item's zone"
Filled,Cubierto,"Shift Pickup, a shift's status"
General,General,"Inspections, a line item's zone"
In review,En revisión,"Cases, a case's status"
Inactive,Inactivos,"Sites, the list, the filter that agrees with sitios"
Inactive,Inactivo,"Vendors, adding or editing a vendor, Approval Status, which agrees with proveedor"
Inactive,Inactivos,"Vendors, the list, the filter that agrees with proveedores"
Inactive,Inactivas,"Staff Management, the list, a tab"
Invalid,No válida,"Forms, the Jotform line at the top and Settings, the API key"
JF,JF,"HR Records, a folder, the short name for a Jotform form"
Kitchen/Break Room,Cocina / sala de descanso,"Inspections, a line item's zone"
Link,Vincular,"Forms, linking a submission to a record"
Lobby,Vestíbulo,"Inspections, a line item's zone"
Log and request,Registrar y solicitar,"Settings, Roles and Permissions, the role reference, a level of access"
Manage,Administrar,"Settings, Roles and Permissions, the role reference, a level of access"
New,Nueva,"Schedule, a new solicitud"
New,Nuevo,"Schedule, a new turno"
New,Nuevo,"Forms, Submissions, a status"
New,Nuevos,"Forms, Settings, the sync log, a column"
None,Ninguna,"The note that is empty, which agrees with nota"
None,Ninguno,"The site that is not set, which agrees with sitio"
None,Ninguno,"Schedule, Time off, a request that covers no shifts"
None,Ninguna,"Sites, Shifts & Schedule, no inspection yet, which agrees with inspección"
None,Ninguna,"HR Records, Employees, a card with no activity, which agrees with actividad"
None,Sin acceso,"Settings, Roles and Permissions, the role reference, a level of access"
Not set,Sin configurar,"Forms, the Jotform line at the top and Settings, the API key"
ONB,INC,"HR Records, a folder, the short name for an onboarding step"
Off,Desactivar,"Settings, Dropdown Options; Settings, Site Lookups, turning a value off"
Offices,Oficinas,"Inspections, a line item's zone"
On,Activar,"Settings, Dropdown Options; Settings, Site Lookups, turning a value on"
On time,A tiempo,"Cases, the response clock"
Open,Abierta,"Dashboard, an incidencia nobody has closed"
Open,Abierto,"Shift Pickup, a turno nobody has taken"
Open,Abiertas,"Reports, Quick snapshots, issues open, which agrees with incidencias; Reports, the issue report's printed page"
Open,Abierto,"Cases, a case's status"
Other,Otros,"HR Records, the tab for records filed under Other; Reports, the supply report, a chart's legend, supplies without the certification"
Overdue,Atrasado,"Cases, the response clock"
Own tasks,Sus tareas,"Settings, Roles and Permissions, the role reference, a level of access"
Parking,Estacionamiento,"Inspections, a line item's zone"
Pending,Pendientes,"Sites, Shifts & Schedule, pickups not yet worked, which agrees with turnos"
Pending,Pendientes,"Vendors, the list, the filter that agrees with proveedores"
Pending,Pendientes,"Staff Management, the list, a tab"
Probation,A prueba,"Vendors, the list, a filter"
Released,Liberado,"Shift Pickup, a turno somebody gave back"
Removed,Tarea quitada,"Sites, Service Details, once a task is removed"
Removed,Asignación quitada,"Staff Management, the Assignments tab, once it is removed"
Removed,Certificación quitada,"Staff Management, the Certifications tab, once it is removed"
Report,Informar,"Settings, Roles and Permissions, the role reference, a level of access"
Reported,Reportadas,"Reports, the issue report's printed page, issues reported"
Request,Solicitar,"Settings, Roles and Permissions, the role reference, a level of access"
Requested,Solicitada,"Schedule, Time off, a solicitud waiting on a decision"
Resolved,Resueltas,"Reports, Quick snapshots, issues resolved, which agrees with incidencias; Reports, the issue report's printed page"
Resolved,Resuelto,"Cases, a case's status; Cases, a case's window, the day it was resolved"
Responded,Respondido,"Cases, the response clock"
Restrooms,Baños,"Inspections, a line item's zone"
Schedule,Programar,"Inspections, scheduling an inspection, the button"
Scheduled,Programada,"Schedule, an inspeccion on the calendar"
Scheduled,Programado,"Schedule, a turno on the calendar"
Scheduled,Programadas,"Inspections, a tab and a filter, which agree with inspecciones"
Scheduled,Programada para,"Inspections, Scheduled and Completed, the date column"
Self,Uno mismo,"Settings, Roles and Permissions, the role reference, a level of access"
Start,Iniciar,"Issue Tracker, the button that starts work on an incidencia"
TR,CAP,"HR Records, a folder, the short name for a training record"
Time,Horarios,"The side panel, the section that holds Schedule and Shift Pickup"
Updated,Actualizados,"Forms, Settings, the sync log, a column"
Valid,Válida,"Forms, the Jotform line at the top and Settings, the API key"
View,Ver,"Settings, Roles and Permissions, the role reference, a level of access"
active,activo,"Sites, a site's status, which agrees with sitio"
active,activa,"HR Records, a person's status, which agrees with persona; Staff Management, the printed profile report; Staff Management, the list"
all,todas,"Issue Tracker, the filter that agrees with incidencias"
approved,aprobada,"Inventory, a supply request's state, which agrees with solicitud"
approved,aprobado,"Vendors, a vendor's approval status, which agrees with proveedor"
assigned,asignada,"Sites, Service Details, a one-off task, which agrees with tarea"
cancelled,cancelada,"Inspections, an inspection's status, which agrees with inspección"
certification,certificación,"Staff Management, the printed timeline, a record's kind"
clock,asistencia,"Staff Management, the printed timeline, a record's kind"
closed,cerrada,"Issue Tracker, an incidencia that is finished"
completed,completado,"HR Records, a folder, a record's status, which agrees with registro"
completed,completada,"Inspections, an inspection's status, which agrees with inspección"
completed,completada,"Staff Management, the HR Files tab, a training record's status"
completed at,fecha de finalización,"Sites, the record window, a field; Staff Management, a record's printed page"
created at,fecha de creación,"Sites, the record window, a field; Staff Management, a record's printed page"
custom,personalizados,"Reports, the library, a category heading"
day,día,"Reports, a trend's bucket named in a sentence"
denied,denegada,"Inventory, a supply request's state, which agrees with solicitud"
description,descripción,"Sites, the record window, a field; Staff Management, a record's printed page"
document,documento,"Staff Management, the printed timeline, a record's kind"
escalated,escalada,"Issue Tracker, an incidencia passed up the line"
escalated,escaladas,"Issue Tracker, the filter for incidencias passed up the line"
failed,no aprobada,"Staff Management, the HR Files tab, a training record's status"
floor,piso,"Staff Management, a record's window, a field"
form,formulario,"Staff Management, the printed timeline, a record's kind"
fulfilled,entregada,"Inventory, a supply request's state, which agrees with solicitud"
inactive,inactivo,"Sites, a site's status, which agrees with sitio"
inactive,inactiva,"HR Records, a person's status, which agrees with persona; Staff Management, the printed profile report; Staff Management, the list"
inactive,inactivo,"Vendors, a vendor's approval status, which agrees with proveedor"
inspection,inspección,"Sites, the printed timeline, a record's kind; Staff Management, the printed timeline"
issue,incidencia,"Sites, the printed timeline, a record's kind; Staff Management, the printed timeline"
kind,tipo,"Sites, the record window, a field; Staff Management, a record's printed page"
label,nombre,"Sites, the record window, a field; Staff Management, a record's printed page"
labor,mano de obra,"Reports, the library, a category heading"
lookup,lista de opciones,"Staff Management, the printed timeline, a record's kind"
message,mensaje,"Staff Management, the printed timeline, a record's kind"
month,mes,"Reports, a trend's bucket named in a sentence"
notes,notas,"Sites, the record window, a field; Staff Management, a record's printed page"
off,inactiva,"Settings, Dropdown Options, a list that is off"
onboarding,incorporación,"Staff Management, the printed timeline, a record's kind"
open,abierta,"Issue Tracker, an incidencia nobody has closed"
open,abiertas,"Issue Tracker, the filter for incidencias nobody has closed"
other,otros,"Reports, the library, a category heading"
pickup,turno disponible,"Staff Management, the printed timeline, a record's kind"
priority,prioridad,"Sites, the record window, a field; Staff Management, a record's printed page"
probation,a prueba,"Vendors, a vendor's approval status"
quality,calidad,"Reports, the library, a category heading"
reported at,fecha del reporte,"Sites, the record window, a field; Staff Management, a record's printed page"
resolved,resuelta,"Issue Tracker, an incidencia that was fixed"
resolved,resueltas,"Issue Tracker, the filter for incidencias that were fixed"
resolved,resuelta,"Assigned Tasks, a tarea that was done"
schedule,horario,"Staff Management, the printed timeline, a record's kind"
scheduled,programada,"Inspections, an inspection's status, which agrees with inspección"
service,servicio,"Staff Management, the printed timeline, a record's kind"
severity,gravedad,"Sites, the record window, a field; Staff Management, a record's printed page"
shift,turno,"Sites, the printed timeline, a record's kind; Staff Management, the printed timeline"
site,sitio,"Staff Management, a record's window, a field"
site name,nombre del sitio,"Sites, the record window, a field; Staff Management, a record's printed page"
status,estado,"Sites, the record window, a field; Staff Management, a record's printed page"
submitted,enviado,"HR Records, a folder, a record's status, which agrees with registro"
supplies,suministros,"Reports, the library, a category heading"
supply,suministro,"Staff Management, the printed timeline, a record's kind"
task,tarea,"Sites, the printed timeline, a record's kind; Staff Management, the printed timeline"
terminated,dada de baja,"Staff Management, the printed profile report, a person's status"
title,título,"Sites, the record window, a field; Staff Management, a record's printed page"
to,a,"Schedule, Shift Pickup and Inspections, a custom date range, between its two dates; Staff Management, the Timeline tab"
training,capacitación,"Staff Management, the printed timeline, a record's kind"
updated at,fecha de actualización,"Sites, the record window, a field; Staff Management, a record's printed page"
user,persona,"Staff Management, the printed timeline, a record's kind"
vendor,proveedor,"Staff Management, the printed timeline, a record's kind"
week,semana,"Reports, a trend's bucket named in a sentence"
zone,zona,"Sites, the record window, a field; Staff Management, a record's printed page"
{0} hour,{0} hora,"Schedule, Time off, the hours a request covers, when the count is one"
{0} hours,{0} horas,"Schedule, Time off, the hours a request covers, when the count is more than one"
{0} inspection,{0} inspección,"Schedule, Month, the inspections on a day, when the count is one"
{0} inspections,{0} inspecciones,"Schedule, Month, the inspections on a day, when the count is more than one"
{0} shift claimed with overtime risk,{0} turno tomado con riesgo de horas extra,"Shift Pickup, Analytics, the overtime warning, when the count is one"
{0} shifts claimed with overtime risk,{0} turnos tomados con riesgo de horas extra,"Shift Pickup, Analytics, the overtime warning, when the count is more than one"
{0} started today,{0} iniciado hoy,"Live Operations, how many people started today, when the count is one"
{0} started today,{0} iniciados hoy,"Live Operations, how many people started today, when the count is more than one"
{0} started on {1},{0} iniciado el {1},"Live Operations, how many people started on a day that is not today, when the count is one"
{0} started on {1},{0} iniciados el {1},"Live Operations, how many people started on a day that is not today, when the count is more than one"
{0} started,{0} iniciado,"Live Operations, the people started at a site; Schedule, Month, the shifts started on a day; when the count is one"
{0} started,{0} iniciados,"Live Operations, the people started at a site; Schedule, Month, the shifts started on a day; when the count is more than one"
{0} no-show,{0} no se presentó,"Shift Pickup, under the callout count, when the count is one"
{0} no-shows,{0} no se presentaron,"Shift Pickup, under the callout count, when the count is more than one"
{0} message,{0} mensaje,"Sites, Chat, when the count is one; Sites, the printed chat history"
{0} messages,{0} mensajes,"Sites, Chat, when the count is more than one; Sites, the printed chat history"
{0} entry,{0} registro,"Sites, Timeline, when the count is one"
{0} entries,{0} registros,"Sites, Timeline, when the count is more than one"
{0} staff,{0} persona,"Sites, the list, when the count is one"
{0} staff,{0} personas,"Sites, the list, when the count is more than one"
{0} task,{0} tarea,"Sites, the list, when the count is one; Sites, a site's profile, Shift names, a block's task count"
{0} tasks,{0} tareas,"Sites, the list, when the count is more than one; Sites, a site's profile, Shift names, a block's task count"
{0}mo ago,hace {0} mes,"HR Records, a card's last activity, when the count is one"
{0}mo ago,hace {0} meses,"HR Records, a card's last activity, when the count is more than one"
{0}y ago,hace {0} año,"HR Records, a card's last activity, when the count is one"
{0}y ago,hace {0} años,"HR Records, a card's last activity, when the count is more than one"
{0} employee,{0} persona,"HR Records, Employees, when the count is one"
{0} employees,{0} personas,"HR Records, Employees, when the count is more than one"
{0} expired,{0} vencido,"HR Records, Employees, a card, when the count is one"
{0} expired,{0} vencidos,"HR Records, Employees, a card, when the count is more than one"
{0} expiring,{0} por vencer,"HR Records, Employees, a card, when the count is one"
{0} expiring,{0} por vencer,"HR Records, Employees, a card, when the count is more than one"
{0} document,{0} documento,"HR Records, Documents, when the count is one"
{0} documents,{0} documentos,"HR Records, Documents, when the count is more than one"
{0} record,{0} registro,"HR Records, Training, when the count is one"
{0} records,{0} registros,"HR Records, Training, when the count is more than one"
{1} of {0} step complete,{1} de {0} paso completado,"HR Records, Onboarding, when the count is one"
{1} of {0} steps complete,{1} de {0} pasos completados,"HR Records, Onboarding, when the count is more than one"
{0} item,{0} elemento,"HR Records, Other, when the count is one"
{0} items,{0} elementos,"HR Records, Other, when the count is more than one"
({0} pending),({0} pendiente),"Inventory, the Requests tab, when the count is one"
({0} pending),({0} pendientes),"Inventory, the Requests tab, when the count is more than one"
{0} site,{0} sitio,"Service Catalog, a service's card, when the count is one"
{0} sites,{0} sitios,"Service Catalog, a service's card, when the count is more than one"
{0} linked,{0} vinculado,"Vendors, the list, a vendor's linked supplies, when the count is one"
{0} linked,{0} vinculados,"Vendors, the list, a vendor's linked supplies, when the count is more than one"
Exported {0} row,{0} fila exportada,"Inspections, Reports, Export CSV, when the count is one"
Exported {0} rows,{0} filas exportadas,"Inspections, Reports, Export CSV, when the count is more than one"
{0} line item,{0} elemento,"Inspections, Templates, a template's card, when the count is one"
{0} line items,{0} elementos,"Inspections, Templates, a template's card, when the count is more than one"
"{0} inspection, avg {1}%","{0} inspección, promedio {1}%","Inspections, Reports, a site, when the count is one"
"{0} inspections, avg {1}%","{0} inspecciones, promedio {1}%","Inspections, Reports, a site, when the count is more than one"
"{0} item scored, {1}/{2} pts","{0} elemento calificado, {1}/{2} pts","Inspections, Reports, a service category, when the count is one"
"{0} items scored, {1}/{2} pts","{0} elementos calificados, {1}/{2} pts","Inspections, Reports, a service category, when the count is more than one"
{1} of {0} entry,{1} de {0} registro,"Sites, the printed timeline, when the count is one; Staff Management, the printed timeline"
{1} of {0} entries,{1} de {0} registros,"Sites, the printed timeline, when the count is more than one; Staff Management, the printed timeline"
{0} done,{0} completada,"Reports, Quick snapshots, a site's tasks done, when the count is one"
{0} done,{0} completadas,"Reports, Quick snapshots, a site's tasks done, when the count is more than one"
{0} aging,{0} atrasada,"Reports, the issue report, issues open past their resolution target, when the count is one"
{0} aging,{0} atrasadas,"Reports, the issue report, issues open past their resolution target, when the count is more than one"
SLA breach in range,incumplimiento del SLA en el rango,"Reports, the issue report, beside the number of breaches, when the count is one"
SLA breaches in range,incumplimientos del SLA en el rango,"Reports, the issue report, beside the number of breaches, when the count is more than one"
Activity Timeline ({1} of {0} entry{2}),Historial de actividad ({1} de {0} registro{2}),"Staff Management, the printed profile report, the timeline's heading, when the count is one"
Activity Timeline ({1} of {0} entries{2}),Historial de actividad ({1} de {0} registros{2}),"Staff Management, the printed profile report, the timeline's heading, when the count is more than one"
Load More ({0} remaining),Cargar más ({0} restante),"Staff Management, the Timeline tab, when the count is one"
Load More ({0} remaining),Cargar más ({0} restantes),"Staff Management, the Timeline tab, when the count is more than one"
{0}h left,{0} h restante,"Cases, the response clock, hours left of the 72, when the count is one"
{0}h left,{0} h restantes,"Cases, the response clock, hours left of the 72, when the count is more than one"
{0} value,{0} valor,"Settings, Dropdown Options, the values a list holds, when the count is one"
{0} values,{0} valores,"Settings, Dropdown Options, the values a list holds, when the count is more than one"
{0} person selected,{0} persona seleccionada,"HR Records, logging training for several people, how many are ticked, when the count is one"
{0} people selected,{0} personas seleccionadas,"HR Records, logging training for several people, how many are ticked, when the count is more than one"
{1} of {0} saved,{1} de {0} guardado,"HR Records, logging training for several people, the records saved so far, when the count is one"
{1} of {0} saved,{1} de {0} guardados,"HR Records, logging training for several people, the records saved so far, when the count is more than one"
{0} of {1} has no record,{0} de {1} no tiene registro,"HR Records, Training, who has no record of a training, how many of the active people, when the count is one"
{0} of {1} have no record,{0} de {1} no tienen registro,"HR Records, Training, who has no record of a training, how many of the active people, when the count is more than one"
{0} person logged,{0} persona registrada,"HR Records, Training, a training's session; HR Records, the printed attendance sheet, when the count is one"
{0} people logged,{0} personas registradas,"HR Records, Training, a training's session; HR Records, the printed attendance sheet, when the count is more than one"
"Bulk-resolve {0} unresolved failure for form ""{1}"".","Resolver en bloque {0} fallo sin resolver del formulario ""{1}"".","Forms, Sync Diagnostic, the question before a form's failures are resolved, when the count is one"
"Bulk-resolve {0} unresolved failures for form ""{1}"".","Resolver en bloque {0} fallos sin resolver del formulario ""{1}"".","Forms, Sync Diagnostic, the question before a form's failures are resolved, when the count is more than one"
Bulk-resolved {0} failure.,Se resolvió en bloque {0} fallo.,"Forms, Sync Diagnostic, the toast after a form's failures are resolved, when the count is one"
Bulk-resolved {0} failures.,Se resolvieron en bloque {0} fallos.,"Forms, Sync Diagnostic, the toast after a form's failures are resolved, when the count is more than one"
{0} day,{0} día,"Forms, Form Library, a form's expiry, when the count is one"
{0} days,{0} días,"Forms, Form Library, a form's expiry, when the count is more than one"
{0} failure,{0} fallo,"Forms, Sync Diagnostic, how many failures are unresolved, when the count is one"
{0} failures,{0} fallos,"Forms, Sync Diagnostic, how many failures are unresolved, when the count is more than one"
{0} alias,{0} alias,"Forms, Aliases, the count line and each person's count, when the count is one"
{0} aliases,{0} alias,"Forms, Aliases, the count line and each person's count, when the count is more than one"
{0} user,{0} persona,"Forms, Aliases, the count line, when the count is one"
{0} users,{0} personas,"Forms, Aliases, the count line, when the count is more than one"
{0} email,{0} correo,"Forms, a filed report, once it is sent again, when the count is one"
{0} emails,{0} correos,"Forms, a filed report, once it is sent again, when the count is more than one"
{0} app notice,{0} aviso en la aplicación,"Forms, a filed report, once it is sent again, when the count is one"
{0} app notices,{0} avisos en la aplicación,"Forms, a filed report, once it is sent again, when the count is more than one"
Customer links,Enlaces para clientes,"Forms, Filed forms, the button, and the window it opens"
New link,Nuevo enlace,"Forms, Customer links, making a link"
Show QR code,Ver código QR,"Forms, Customer links, a link's row"
Copy link,Copiar enlace,"Forms, Customer links, a link's row and the QR screen"
Turn off,Apagar,"Forms, Customer links, a live link's row"
Turn on,Encender,"Forms, Customer links, a link that is off or expired"
Live,Activo,"Forms, Customer links, a link's state"
Off,Apagado,"Forms, Customer links, a link switched off"
Expired,Vencido,"Forms, Customer links, a link unused past its clock"
Uses,Usos,"Forms, Customer links, a link's row"
Last used,Último uso,"Forms, Customer links, a link's row"
No customer links yet.,Todavía no hay enlaces para clientes.,"Forms, Customer links, an empty list"
QR code,Código QR,"Forms, Customer links, the image's description, on screen and on the printed sheet"
Customer link,Enlace para clientes,"Forms, Customer links, the printed sheet's title"
The address could not be copied.,No se pudo copiar la dirección.,"Forms, Customer links, when the clipboard refuses"
Scan to tell OCSA how the building is being kept.,Escanee para decirle a OCSA cómo se mantiene el edificio.,"Forms, Customer links, the printed sheet for the cleanliness checklist, in both languages"
Scan to tell OCSA how we are doing.,Escanee para decirle a OCSA cómo lo estamos haciendo.,"Forms, Customer links, the printed sheet for the satisfaction survey, in both languages"
Facility Cleanliness Evaluation Checklist,Lista de evaluación de limpieza del edificio,"Forms, a form's title; Forms, Customer links, the form picker and the QR screen"
Client Satisfaction Survey,Encuesta de satisfacción del cliente,"Forms, a form's title; Forms, Customer links, the form picker and the QR screen"
Customer,Cliente,"Forms, Filed forms, a customer's filing, the filed-by column and the review window's header"
Section averages,Promedios por sección,"Forms, a filed survey, under the answers"
Overall,General,"Forms, a filed survey, the overall average; Reports, Client ratings, the overall rating"
Save signature,Guardar firma,"Forms, the form window, the customer's signature card"
Cleaning,Limpieza,"Service category, in place of the framework word for SD; Service Catalog, Inspections, Record Detail, Sites"
Quality checks,Controles de calidad,"Service category, QS"
Management,Gestión,"Service category, MC"
Green cleaning,Limpieza ecológica,"Service category, GB"
Safety,Seguridad,"Service category, HSE"
Staff and training,Personal y capacitación,"Service category, HR"
Issues,Problemas,"Reports, the issue report's group heading"
e.g. Issues,p. ej. Problemas,"Report editor, Category placeholder"
{0} (copy),{0} (copia),"Reports, a duplicated report's name"
This did not load.,Esto no se cargó.,Any card or tab whose read failed
Could not load staff.,No se pudo cargar el personal.,Staff Management
No issues in this state.,No hay problemas en este estado.,"Issue Tracker, a chip with no rows"
No staff to show for this filter.,No hay personal para mostrar con este filtro.,"Schedule, week view"
Messages did not load.,Los mensajes no se cargaron.,"Messages; Sites, the Chat tab"
PIN reset for {0},PIN restablecido para {0},"Staff profile, after Reset PIN"
Temporary PIN,PIN temporal,"Add New Staff, the window after saving"
Send activation invite,Enviar invitación de activación,Add New Staff and the staff profile
Invite sent.,Invitación enviada.,After the invite
Send a PIN reset link,Enviar un enlace para restablecer el PIN,Staff profile
Reset link sent.,Enlace enviado.,After the reset link
Generate badge number,Generar número de empleado,"Staff profile, when the badge is not set"
Change photo,Cambiar foto,"Staff profile, the photo control"
That employee ID is already in use.,Ese número de identificación de empleado ya está en uso.,Add New Staff and Contact Information
An admin account holds these by role. There is nothing to change here.,Una cuenta de administrador los tiene por su rol. Aquí no hay nada que cambiar.,"Settings, Roles and Permissions, an admin picked"
Your own capabilities are set by another admin.,Sus propias capacidades las define otro administrador.,"Settings, Roles and Permissions, the signed-in person picked"
Only someone who holds this can grant it.,Solo quien la tiene puede otorgarla.,"Settings, Roles and Permissions, the manage admins row"
Cancel shift,Cancelar turno,"Edit Scheduled Shift, in place of Delete"
Cancel this scheduled shift?,¿Cancelar este turno programado?,"Edit Scheduled Shift, the question"
Remove from this list,Quitar de esta lista,"Every Delete that now keeps the row, where the row is hidden from a list"
Removed from this list,Quitado de esta lista,After a row is hidden from a list
Deactivate this template?,¿Desactivar esta plantilla?,"Inspections, a template's question"
Template deactivated,Plantilla desactivada,"Inspections, after a template is deactivated"
Deactivate this line item?,¿Desactivar este elemento?,"Inspections, a line item's question"
Item deactivated,Elemento desactivado,"Inspections, after a line item is deactivated"
Remove this list and its values from the lists shown?,¿Quitar esta lista y sus valores de las listas que se muestran?,"Settings, Dropdown Options, a list's question"
Remove this value from this list?,¿Quitar este valor de esta lista?,"Settings, Dropdown Options and Site Lookups, a value's question"
Deactivate alias {0}?,¿Desactivar el alias {0}?,"Forms, Jotform, an alias's question"
Alias deactivated.,Alias desactivado.,"Forms, Jotform, after an alias is deactivated"
"Deactivate ""{0}""?","¿Desactivar ""{0}""?","Reports, a saved report's question"
Report deactivated,Informe desactivado,"Reports, after a saved report is deactivated"
Remove this document from this list?,¿Quitar este documento de esta lista?,"HR Records, a document's question"
Remove this training record from this list?,¿Quitar este registro de capacitación de esta lista?,"HR Records, a training record's question"
Remove this step from this list?,¿Quitar este paso de esta lista?,"HR Records, an onboarding step's question"
Remove this floor plan from this list?,¿Quitar este plano de esta lista?,"Sites, a floor plan's question"
Remove this supply from this list?,¿Quitar este suministro de esta lista?,"Sites, a site supply's question"
From a customer,De un cliente,"Filed forms, under a customer's filing"
Role,Puesto,"The customer or employee signature card, the second box"
Void,Anular,"Review window, for an admin"
Why is this report being voided?,¿Por qué se anula este reporte?,The Void window
Void report,Anular reporte,The Void window's button
Void,Anulado,"A void report's status; Filed forms, the status switch; Forms, Filed forms, the Void switch's Status column"
Photo could not be loaded,No se pudo cargar la foto,A photo on a filed form
Your message did not send.,Su mensaje no se envió.,Messages
Announcements,Anuncios,Side panel and the page
New announcement,Nuevo anuncio,Announcements
Message,Mensaje,Announcements
Send to,Enviar a,Announcements
One site's people,El personal de un sitio,"Announcements, audience"
A role,Un rol,"Announcements, audience"
Chosen people,Personas elegidas,"Announcements, audience"
"Reaches {0} people, {1} with phone alerts on.","Llega a {0} personas, {1} con alertas en el teléfono.","Announcements, before Send and under each sent one"
Send announcement,Enviar anuncio,Announcements
Written once; each person gets it in their language.,Se escribe una vez; cada persona lo recibe en su idioma.,"Announcements, under the message box"
Sent,Enviados,"Announcements, the history heading"
No announcements yet.,Todavía no hay anuncios.,Announcements
Announcement sent.,Anuncio enviado.,"Announcements, after Send announcement"
Tag someone,Etiquetar a alguien,"Messages, the tag picker"
No one else can read this chat.,Nadie más puede leer este chat.,"Messages, the empty picker"
Channels,Canales,"Messages, the list's first heading"
Site channel,Canal del sitio,"Messages, under a site chat's name"
General chat,Chat general,"Messages, under the general chat's name"
{0} unread messages,{0} mensajes sin leer,"Side panel, the Messages badge's name"
My alerts,Mis alertas,The name menu and its window
Chat messages,Mensajes del chat,My alerts
Every message,Cada mensaje,My alerts
Only when I'm tagged,Solo cuando me etiquetan,My alerts
Off,Apagado,My alerts
Schedule and time off,Horario y tiempo libre,My alerts
Shift pickups and drops,Turnos libres y turnos soltados,My alerts
Supply requests,Pedidos de suministros,My alerts
Problems reported,Problemas reportados,My alerts
Forms filed,Formularios presentados,My alerts
These decide what buzzes your phone in the staff app. The bell here keeps everything.,Esto decide lo que suena en su teléfono en la aplicación del personal. La campana aquí guarda todo.,My alerts
Your settings did not save.,Sus ajustes no se guardaron.,My alerts
No time off is waiting for a decision.,No hay tiempo libre pendiente de decisión.,"Schedule, Time off tab"
No time off requests to show.,No hay solicitudes de tiempo libre para mostrar.,"Schedule, Time off tab"
Something went wrong and the page needs reloading.,Algo salió mal y hay que volver a cargar la página.,The crash screen
Reload,Volver a cargar,The crash screen
No records found.,No se encontraron registros.,The table default
Raw result,Resultado sin procesar,Jotform diagnostic card
The forms connection is not set up. Ask your administrator.,La conexión de formularios no está configurada. Pídale ayuda a su administrador.,"Jotform, key missing"
Phone or email address,Teléfono o correo electrónico,"Sign in, the example in the box"
10 digits,10 dígitos,"Vendors, the contact phone's example"
e.g. Called out sick,p. ej. se reportó enfermo,"Shift Pickup, Convert Callout, the notes example"
e.g. Called out,p. ej. se reportó ausente,"Schedule, Convert Callout, the notes example"
Failed retry,Reintento de fallos,"Forms, Jotform, the sync log's type"
Forced fetch,Descarga forzada,"Forms, Jotform, the sync log's type"
running,en curso,"Forms, Jotform, the sync log's status"
partial,parcial,"Forms, Jotform, the sync log's status"
fetch,descarga,"Forms, Jotform, a failure's stage"
parse,lectura,"Forms, Jotform, a failure's stage"
store,guardado,"Forms, Jotform, a failure's stage"
changed by hand,cambiado a mano,"Schedule, a pattern's kept date"
posted as an open shift,publicado como turno abierto,"Schedule, a pattern's kept date"
started,iniciado,"Schedule, a pattern's kept date"
already scheduled at that time,ya programado a esa hora,"Schedule, a pattern's skipped date"
"Pull the latest forms from Jotform. Only forms whose title starts with {0} are imported. Forms in the app that no longer match are switched off and kept, with their submissions. Continue?","Descargar los formularios más recientes de Jotform. Solo se importan los formularios cuyo título empieza con {0}. Los formularios de la aplicación que ya no coinciden se apagan y se conservan, con sus envíos. ¿Continuar?","Forms, Jotform, Sync Form Catalog"
"Run PDF backfill?

This sweeps the entire {0} inbox and ingests any PDFs that have not yet been captured. May take a few minutes. Run again if the result shows the max was reached.","¿Ejecutar el relleno de PDF?

Recorre toda la bandeja {0} e incorpora los PDF que aún no se hayan capturado. Puede tardar unos minutos. Ejecútelo de nuevo si el resultado muestra que se alcanzó el máximo.","Forms, Jotform, PDF backfill"
"Probes the Jotform API to determine which filtering mechanism this account supports: labels, folders, or keyword-based fallback. The recommendation drives how this business's forms are told apart from the other businesses' forms on the same account.","Consulta la API de Jotform para determinar qué mecanismo de filtrado admite esta cuenta: etiquetas, carpetas o palabras clave como alternativa. La recomendación decide cómo se distinguen los formularios de este negocio de los de los otros negocios en la misma cuenta.","Forms, Jotform, the diagnostic card"
"Re-run Auto-Link?

This scans every unlinked submission and matches it against the users table by employee ID, email, or exact full name. Ambiguous matches (multiple users) are left unlinked for manual review. Submitters that don't exist in the users table will also remain unlinked.

This action is safe to run any number of times.","¿Volver a ejecutar la vinculación automática?

Revisa cada envío sin vincular y lo compara con la tabla de usuarios por número de empleado, correo o nombre completo exacto. Las coincidencias ambiguas (varios usuarios) se dejan sin vincular para revisarlas a mano. Quienes no existen en la tabla de usuarios también quedan sin vincular.

Esta acción se puede ejecutar las veces que haga falta.","Forms, Jotform, Re-run Auto-Link"
Synced {0} forms. {1}.,Se sincronizaron {0} formularios. {1}.,"Forms, Jotform, after Sync Form Catalog"
"Submission content (SSN, bank info, dates of birth) is stored only in Jotform. The dashboard caches metadata only. Opening a submission detail below fetches the full answers from Jotform in real time. Close the modal when done.","El contenido de los envíos (SSN, datos bancarios, fechas de nacimiento) se guarda solo en Jotform. El panel guarda solo metadatos. Al abrir el detalle de un envío se traen las respuestas completas de Jotform en tiempo real. Cierre la ventana al terminar.","Forms, Jotform, the privacy note"
Help insights,Estadísticas de la Ayuda,Side panel and the page
Questions,Preguntas,"Help insights, a tile, the chart's line and a column"
People asking,Personas que preguntan,"Help insights, a tile"
Missed,Sin respuesta,"Help insights, a tile, the chart's second line and a column"
Rated helpful,Útiles,"Help insights, a tile"
Rated not helpful,No útiles,"Help insights, a tile and a column"
Typical reply time,Tiempo típico de respuesta,"Help insights, a tile"
Questions by day,Preguntas por día,"Help insights, the chart"
What people ask about,De qué preguntan,"Help insights, the topics table"
Questions Help could not answer,Preguntas que la Ayuda no pudo responder,"Help insights, the misses list"
What was missing,Lo que faltó,"Help insights, the note column"
Everyone who asked,Todos los que preguntaron,"Help insights, the people table"
Last asked,Última pregunta,"Help insights, a column"
Their questions,Sus preguntas,A person's drill-down
Opening this is recorded.,Abrir esto queda registrado.,"A person's drill-down, under the title"
No questions in this range.,No hay preguntas en este periodo.,"Help insights, empty"
Was this helpful?,¿Le sirvió?,Under each Help answer
What was missing?,¿Qué faltó?,The note after No
Thanks. This helps Help get better.,Gracias. Esto ayuda a mejorar la Ayuda.,After a rating
Test account,Cuenta de prueba,"Staff Management, a mark on the row"
Shown in Spanish as,Se muestra en español como,"Checklist items, pick list values; Sites, a site's profile, Shift names, a block's window"
Saved. People see this wording from now on.,Guardado. El personal ve este texto desde ahora.,After saving a Spanish correction
Rename,Cambiar nombre,"Inspections, a template card and its window; Sites, a site's profile, Shift names, a block and its window"
Removed supplies,Suministros quitados,"Supplies, the list of removed ones"
Certifications expiring soon,Certificaciones por vencer,"HR Compliance, a tile"
Expired certifications,Certificaciones vencidas,"HR Compliance, a tile"
Only people given time off approval see requests here. Ask an admin to grant it under Roles and Permissions.,Solo quienes pueden aprobar tiempo libre ven las solicitudes aquí. Pida a un administrador que lo otorgue en Roles y permisos.,"Schedule, the Time off button when the person cannot approve"
See Help insights,Ver estadísticas de la Ayuda,"Roles and Permissions, the capability's name"
Portal,Portal,"Help insights, the app filter and the app column"
All languages,Todos los idiomas,"Help insights, the language filter"
All apps,Todas las aplicaciones,"Help insights, the app filter"
App,Aplicación,"Help insights, the app filter and a column"
{0} sec,{0} s,"Help insights, Typical reply time under a minute"
{0} min,{0} min,"Help insights, Typical reply time from a minute up"
{0}% missed,{0}% sin respuesta,"Help insights, under the Missed tile"
{0} missed,{0} sin respuesta,"Help insights, By site, beside a site's count"
By language,Por idioma,"Help insights, a small table"
By app,Por aplicación,"Help insights, a small table"
Topic,Tema,"Help insights, the topics table"
Section,Sección,"Help insights, the topics table"
Topics,Temas,"Help insights, the people table"
Question,Pregunta,"Help insights, the misses list; Reports, Client ratings, the printed page"
Form builder,Creador de formularios,Side panel and the page
New form,Nuevo formulario,Form builder
Version {0},Versión {0},A form's row and history
Published,Publicado,A form's status
Draft in progress,Borrador en curso,A form's status
Retired,Retirado,A form's status
From the code,Del código,A form's source
Made with the builder,Hecho con el creador,A form's source
Retire form,Retirar formulario,"A form's row, admins"
Why is this form being retired?,¿Por qué se retira este formulario?,The retire window
Version history,Historial de versiones,A form's history
Published as version {0}.,Publicado como versión {0}.,After publishing
Make and change forms,Crear y cambiar formularios,"Roles and Permissions, the build_forms capability's name"
Code,Código,"Form builder, the table's column"
Version,Versión,"Form builder, the table's column"
No version published yet.,Todavía no se ha publicado ninguna versión.,"Version history, a form never published"
A retired form leaves every list. Reports already filed still open.,Un formulario retirado sale de todas las listas. Los reportes ya presentados se siguen abriendo.,The retire window
"Every form the apps offer, with its latest version. Edit opens the form's draft in the builder, or starts one. A row opens its version history.","Cada formulario que ofrecen las aplicaciones, con su última versión. Editar abre el borrador del formulario en el creador, o empieza uno. Una fila abre su historial de versiones.","Form builder, the line under the title"
No forms yet. New form starts one.,Todavía no hay formularios. Nuevo formulario empieza uno.,"Form builder, the empty table"
Describe the form you need. The builder asks what it needs to know.,Describa el formulario que necesita. El creador le pregunta lo que necesita saber.,The builder's empty chat
Staff app,Aplicación del personal,The preview's tab
PDF,PDF,The preview's tab
Try it,Probarlo,"The preview, filling the draft as a test"
Needs fixing before it can be published,Hay que corregir esto antes de publicarlo,The problems list
Who gets the filled report,Quién recibe el reporte lleno,The recipients panel
Filled PDF attached,Con el PDF lleno adjunto,Delivery choice
What changed,Qué cambió,The publish window's note
Publish,Publicar,The publish button
Only an admin can publish. Your draft is saved for one to review.,Solo un administrador puede publicar. Su borrador queda guardado para que uno lo revise.,The publish area for a non-admin
Discard draft,Descartar borrador,The builder
This question asks for sensitive information.,Esta pregunta pide información delicada.,A flag on a sensitive question in the preview
The builder is working...,El creador está trabajando...,The builder's conversation while a turn is out
Write to the builder,Escriba al creador,The builder's message box
You,Usted,"The builder's conversation, the person's own line"
The builder,El creador,"The builder's conversation, the builder's line"
Start over,Empezar de nuevo,"The preview, clearing a test filling"
A test filling. Nothing is saved or sent.,Un llenado de prueba. No se guarda ni se envía nada.,The preview while Try it is on
This was a test. Nothing was saved or sent.,Esto fue una prueba. No se guardó ni se envió nada.,The preview after a test Send
Photos are added when the form is filled for real.,Las fotos se agregan cuando el formulario se llena de verdad.,"The preview, a photos question"
The customer signs here.,El cliente firma aquí.,"The preview, a customer signature"
Question {0} of {1},Pregunta {0} de {1},The staff app preview
Nothing to show yet. Describe the form and the preview draws it.,Todavía no hay nada que mostrar. Describa el formulario y la vista previa lo dibuja.,The preview of an empty draft
Loading the PDF...,Cargando el PDF...,The PDF tab
No problems. This draft can be published.,Sin problemas. Este borrador se puede publicar.,The problems list when empty
Discard this draft? It leaves the list and cannot be reopened.,¿Descartar este borrador? Sale de la lista y no se puede volver a abrir.,The discard confirm
Publishing makes this the version every app offers.,"Al publicar, esta pasa a ser la versión que ofrecen todas las aplicaciones.",The publish area for an admin
Fix the problems above before publishing.,Corrija los problemas de arriba antes de publicar.,The publish area with problems
Publishing...,Publicando...,The publish button while out
Filed form,Formulario presentado,"HR Records, a person's folder, the source of a filed report"
FRM,FRM,"HR Records, a person's folder, the mark on a filed report's row"
No one matches.,Nadie coincide.,A person question's picker with no match
No filed forms,No hay formularios presentados,"Staff Management, HR Files, the filed forms card when empty"
Client reports,Informes para clientes,"Reports, the heading over the reports the dashboard draws for clients"
Client ratings,Calificaciones de los clientes,"Reports, Client ratings, its card, its title and its printed page"
"How clients rated each site, out of 10.","Cómo calificaron los clientes cada sitio, sobre 10.","Reports, Client ratings, its card and the line under All sites"
"An answer given on the old 1 to 5 scale is doubled, so a 4 counts as 8.","Una respuesta dada en la escala anterior del 1 al 5 se multiplica por dos, así que un 4 cuenta como 8.","Reports, Client ratings, the line under the title when the API sends none"
Not rated,Sin calificar,"Reports, Client ratings, an average with no answer"
Responses,Respuestas,"Reports, Client ratings, the count of surveys answered"
No response,Sin respuesta,"Reports, Client ratings, the printed page, a month with no survey answered"
No response in {0}.,Sin respuesta en {0}.,"Reports, Client ratings, a site, the months with no survey answered"
Last response {0},Última respuesta: {0},"Reports, Client ratings, a site, the day of its latest survey"
No response yet,Todavía no hay respuestas,"Reports, Client ratings, a site with no survey answered"
Each question,Cada pregunta,"Reports, Client ratings, a site, each question's average"
Overall by month,General por mes,"Reports, Client ratings, a site, the month by month line"
Overall by site,General por sitio,"Reports, Client ratings, the chart of every site"
Comments,Comentarios,"Reports, Client ratings, a site, what clients wrote"
From,De,"Reports, Client ratings, the printed page, who wrote a comment"
No comments in this range.,No hay comentarios en este periodo.,"Reports, Client ratings, a site with no comment"
No ratings in this range.,No hay calificaciones en este periodo.,"Reports, Client ratings, a range with no survey answered"
Client survey,Encuesta del cliente,"Sites, a site's profile, the tab with the client survey schedule"
Client survey schedule,Calendario de la encuesta del cliente,"Sites, a site's profile, Client survey; Forms, Filed forms, Customer links, Survey schedule"
Survey schedule,Calendario de la encuesta,"Forms, Filed forms, Customer links, beside a site's survey link"
"The Client Satisfaction Survey is emailed to each contact below on the day set, with the site's survey link.","La encuesta de satisfacción del cliente se envía por correo a cada contacto de abajo el día indicado, con el enlace de la encuesta del sitio.","The client survey schedule, the line at the top"
Contacts,Contactos,"The client survey schedule, who the survey is sent to"
No contacts yet.,Todavía no hay contactos.,"The client survey schedule, a schedule with no contact"
Check this email,Revise este correo,"The client survey schedule, a contact the API refused"
Add contact,Agregar contacto,"The client survey schedule, the button that adds a contact"
How often,Con qué frecuencia,"The client survey schedule, the frequency"
Every month,Cada mes,"The client survey schedule, a frequency"
Every three months,Cada tres meses,"The client survey schedule, a frequency"
Off,Desactivado,"The client survey schedule, a frequency that sends nothing"
Day of the month,Día del mes,"The client survey schedule, the day it is sent"
Last sent,Último envío,"The client survey schedule, the day it was last sent"
Not sent yet,Todavía no se ha enviado,"The client survey schedule, a survey never sent"
Next send,Próximo envío,"The client survey schedule, the day it is sent next"
Not scheduled,Sin programar,"The client survey schedule, a schedule that is off"
Schedule saved.,Calendario guardado.,"The client survey schedule, after Save"
Monthly client reports,Informes mensuales para clientes,"Reports, Monthly client reports, its card and its title"
"Each site's month, written up for its client, sent with the PDF and acknowledged by the client.","El mes de cada sitio, redactado para su cliente, enviado con el PDF y confirmado por el cliente.","Reports, Monthly client reports, its card"
New monthly report,Nuevo informe mensual,"Reports, Monthly client reports, the button and its window"
The figures are filled in from the records. You can correct any of them and write the rest before it is signed.,Las cifras se completan con los registros. Puede corregir cualquiera y escribir el resto antes de firmarlo.,"Reports, Monthly client reports, New monthly report, the line at the top"
First day,Primer día,"Reports, Monthly client reports, New monthly report, the first day of the period"
Make report,Crear informe,"Reports, Monthly client reports, New monthly report, the button that makes it"
No monthly reports in this range.,No hay informes mensuales en este periodo.,"Reports, Monthly client reports, an empty list"
Sent to,Enviado a,"Reports, Monthly client reports, the list, who a report was sent to"
Acknowledged by,Confirmado por,"Reports, Monthly client reports, the list, who acknowledged a report"
Acknowledged by {0} on {1},Confirmado por {0} el {1},"Reports, Monthly client reports, a report's review window"
Sent {0} and not acknowledged yet.,Enviado el {0} y todavía sin confirmar.,"Reports, Monthly client reports, an overdue report's review window"
Draft,Borrador,"Reports, Monthly client reports, a report not sent yet"
Sent,Enviado,"Reports, Monthly client reports, a report sent and waiting"
Acknowledged,Confirmado,"Reports, Monthly client reports, a report the client acknowledged"
Overdue,Atrasado,"Reports, Monthly client reports, a report not acknowledged 10 days after sending"
Send to the client,Enviar al cliente,"Reports, Monthly client reports, the button and its window"
"The email carries the report as a PDF, a link to acknowledge it, and the site's rating survey.","El correo lleva el informe en PDF, un enlace para confirmarlo y la encuesta de calificación del sitio.","Reports, Monthly client reports, Send to the client, the line at the top"
Recipients,Destinatarios,"Reports, Monthly client reports, Send to the client, who it goes to"
The site's survey contacts,Los contactos de la encuesta del sitio,"Reports, Monthly client reports, Send to the client, the contacts offered first"
Add an address,Agregar una dirección,"Reports, Monthly client reports, Send to the client, the button that adds a recipient"
Sent to the client.,Enviado al cliente.,"Reports, Monthly client reports, the note after Send"
Bring back,Restaurar,"Supplies and Inventory, Removed supplies, the button on each removed supply"
Supply brought back,Suministro restaurado,"Supplies and Inventory, Removed supplies, the note after Bring back"
Shift names,Nombres de turnos,"Sites, a site's profile, the tab with the site's shift blocks"
"Each shift's blocks, in the order the checklist groups tasks under them.","Los bloques de cada turno, en el orden en que la lista agrupa las tareas.","Sites, a site's profile, Shift names, the line at the top"
No shift names at this site yet.,Todavía no hay nombres de turnos en este sitio.,"Sites, a site's profile, Shift names, a site with none"
Add a block,Agregar un bloque,"Sites, a site's profile, Shift names, the button and its window"
Move up,Subir,"Sites, a site's profile, Shift names, the arrow that moves a block up"
Move down,Bajar,"Sites, a site's profile, Shift names, the arrow that moves a block down"
Shift name,Nombre del turno,"Sites, a site's profile, Shift names, a block's window"
Block name,Nombre del bloque,"Sites, a site's profile, Shift names, a block's window"
Starts at,Empieza a las,"Sites, a site's profile, Shift names, a block's window, its time"
A new shift name is given to every block of the shift.,Un nombre de turno nuevo se da a todos los bloques del turno.,"Sites, a site's profile, Shift names, a block's window when the shift name changes"
Remove this block from this list?,¿Quitar este bloque de esta lista?,"Sites, a site's profile, Shift names, the question before a block is removed"
Block removed,Bloque quitado,"Sites, a site's profile, Shift names, the note after a block is removed"
"Copying is blocked here. The PIN is selected, so copy it with your keyboard.","Aquí no se permite copiar. El PIN está seleccionado, así que cópielo con el teclado.","Staff Management, Temporary PIN, Copy when the browser refuses the clipboard"
Could not remove this. {0},No se pudo quitar. {0},"Forms, Jotform, User aliases, a refused removal, with the API's words"
Linked by hand,Vinculado a mano,"Forms, Jotform, User aliases, the Source column, an alias made when a submission was linked"
Added by an admin,Agregado por un administrador,"Forms, Jotform, User aliases, the Source column, an alias an admin added"
Learned from a match,Aprendido de una coincidencia,"Forms, Jotform, User aliases, the Source column, an alias learned from a match"
No void reports.,No hay informes anulados.,"Forms, Filed forms, the Void switch with no report"
action,acción,"Staff Management and Sites, Record Detail, a key the record's metadata carries"
active tasks still linked,tareas activas aún vinculadas,"Staff Management and Sites, Record Detail, a key the record's metadata carries"
admin notes,notas del administrador,"Staff Management and Sites, Record Detail, a key the record's metadata carries"
after,después,"Staff Management and Sites, Record Detail, a key the record's metadata carries"
alias id,id del alias,"Staff Management and Sites, Record Detail, a key the record's metadata carries"
alias type,tipo de alias,"Staff Management and Sites, Record Detail, a key the record's metadata carries"
alias value,valor del alias,"Staff Management and Sites, Record Detail, a key the record's metadata carries"
aliases recorded,alias registrados,"Staff Management and Sites, Record Detail, a key the record's metadata carries"
anchor time,hora de referencia,"Staff Management and Sites, Record Detail, a key the record's metadata carries"
approval status,estado de aprobación,"Staff Management and Sites, Record Detail, a key the record's metadata carries"
assigned name,nombre asignado,"Staff Management and Sites, Record Detail, a key the record's metadata carries"
assigned to,asignado a,"Staff Management and Sites, Record Detail, a key the record's metadata carries"
assignee name,nombre de la persona asignada,"Staff Management and Sites, Record Detail, a key the record's metadata carries"
badge number,número de empleado,"Staff Management and Sites, Record Detail, a key the record's metadata carries"
badge source,origen del número de empleado,"Staff Management and Sites, Record Detail, a key the record's metadata carries"
before,antes,"Staff Management and Sites, Record Detail, a key the record's metadata carries"
block id,id del bloque,"Staff Management and Sites, Record Detail, a key the record's metadata carries"
block label,nombre del bloque,"Staff Management and Sites, Record Detail, a key the record's metadata carries"
blocks updated,bloques actualizados,"Staff Management and Sites, Record Detail, a key the record's metadata carries"
bulk,en bloque,"Staff Management and Sites, Record Detail, a key the record's metadata carries"
category,categoría,"Staff Management and Sites, Record Detail, a key the record's metadata carries"
category id,id de la categoría,"Staff Management and Sites, Record Detail, a key the record's metadata carries"
cert name,nombre de la certificación,"Staff Management and Sites, Record Detail, a key the record's metadata carries"
cert type,tipo de certificación,"Staff Management and Sites, Record Detail, a key the record's metadata carries"
changed,cambiado,"Staff Management and Sites, Record Detail, a key the record's metadata carries"
changes,cambios,"Staff Management and Sites, Record Detail, a key the record's metadata carries"
channel id,id del canal,"Staff Management and Sites, Record Detail, a key the record's metadata carries"
channel name,nombre del canal,"Staff Management and Sites, Record Detail, a key the record's metadata carries"
city,ciudad,"Staff Management and Sites, Record Detail, a key the record's metadata carries"
claimed by,tomado por,"Staff Management and Sites, Record Detail, a key the record's metadata carries"
clock in,entrada,"Staff Management and Sites, Record Detail, a key the record's metadata carries"
clock out,salida,"Staff Management and Sites, Record Detail, a key the record's metadata carries"
contract type,tipo de contrato,"Staff Management and Sites, Record Detail, a key the record's metadata carries"
count,cantidad,"Staff Management and Sites, Record Detail, a key the record's metadata carries"
created,creados,"Staff Management and Sites, Record Detail, a key the record's metadata carries"
days,días,"Staff Management and Sites, Record Detail, a key the record's metadata carries"
decision,decisión,"Staff Management and Sites, Record Detail, a key the record's metadata carries"
deleted shift,turno quitado,"Staff Management and Sites, Record Detail, a key the record's metadata carries"
disabled,desactivado,"Staff Management and Sites, Record Detail, a key the record's metadata carries"
disabled form ids,ids de formularios desactivados,"Staff Management and Sites, Record Detail, a key the record's metadata carries"
duration minutes,minutos de duración,"Staff Management and Sites, Record Detail, a key the record's metadata carries"
effective from,vigente desde,"Staff Management and Sites, Record Detail, a key the record's metadata carries"
employee id,id de empleado,"Staff Management and Sites, Record Detail, a key the record's metadata carries"
end time,hora de fin,"Staff Management and Sites, Record Detail, a key the record's metadata carries"
ended by,terminado por,"Staff Management and Sites, Record Detail, a key the record's metadata carries"
ended by self,terminado por la misma persona,"Staff Management and Sites, Record Detail, a key the record's metadata carries"
ends on,termina el,"Staff Management and Sites, Record Detail, a key the record's metadata carries"
entity id,id del registro,"Staff Management and Sites, Record Detail, a key the record's metadata carries"
entity type,tipo de registro,"Staff Management and Sites, Record Detail, a key the record's metadata carries"
evaluation id,id de la evaluación,"Staff Management and Sites, Record Detail, a key the record's metadata carries"
failed,fallidos,"Staff Management and Sites, Record Detail, a key the record's metadata carries"
failure id,id del fallo,"Staff Management and Sites, Record Detail, a key the record's metadata carries"
field,campo,"Staff Management and Sites, Record Detail, a key the record's metadata carries"
fields changed,campos cambiados,"Staff Management and Sites, Record Detail, a key the record's metadata carries"
floor plan id,id del plano,"Staff Management and Sites, Record Detail, a key the record's metadata carries"
form code,código del formulario,"Staff Management and Sites, Record Detail, a key the record's metadata carries"
form id,id del formulario,"Staff Management and Sites, Record Detail, a key the record's metadata carries"
form title,título del formulario,"Staff Management and Sites, Record Detail, a key the record's metadata carries"
forms,formularios,"Staff Management and Sites, Record Detail, a key the record's metadata carries"
forms with fetch errors,formularios con errores de descarga,"Staff Management and Sites, Record Detail, a key the record's metadata carries"
from,de,"Staff Management and Sites, Record Detail, a key the record's metadata carries"
generated through,generado hasta,"Staff Management and Sites, Record Detail, a key the record's metadata carries"
gps verified,GPS verificado,"Staff Management and Sites, Record Detail, a key the record's metadata carries"
hours,horas,"Staff Management and Sites, Record Detail, a key the record's metadata carries"
is assigned site,es un sitio asignado,"Staff Management and Sites, Record Detail, a key the record's metadata carries"
is completed,está completado,"Staff Management and Sites, Record Detail, a key the record's metadata carries"
is preferred,es preferido,"Staff Management and Sites, Record Detail, a key the record's metadata carries"
issue id,id de la incidencia,"Staff Management and Sites, Record Detail, a key the record's metadata carries"
issue title,título de la incidencia,"Staff Management and Sites, Record Detail, a key the record's metadata carries"
issuing body,entidad emisora,"Staff Management and Sites, Record Detail, a key the record's metadata carries"
item name,nombre del artículo,"Staff Management and Sites, Record Detail, a key the record's metadata carries"
jotform submission id,id del envío de Jotform,"Staff Management and Sites, Record Detail, a key the record's metadata carries"
kept,conservados,"Staff Management and Sites, Record Detail, a key the record's metadata carries"
last date,última fecha,"Staff Management and Sites, Record Detail, a key the record's metadata carries"
leave type,tipo de ausencia,"Staff Management and Sites, Record Detail, a key the record's metadata carries"
locale,idioma,"Staff Management and Sites, Record Detail, a key the record's metadata carries"
lookup type,tipo de lista,"Staff Management and Sites, Record Detail, a key the record's metadata carries"
max possible score,puntaje máximo posible,"Staff Management and Sites, Record Detail, a key the record's metadata carries"
message text,texto del mensaje,"Staff Management and Sites, Record Detail, a key the record's metadata carries"
name,nombre,"Staff Management and Sites, Record Detail, a key the record's metadata carries"
new name,nombre nuevo,"Staff Management and Sites, Record Detail, a key the record's metadata carries"
new role,rol nuevo,"Staff Management and Sites, Record Detail, a key the record's metadata carries"
new status,estado nuevo,"Staff Management and Sites, Record Detail, a key the record's metadata carries"
new user,persona nueva,"Staff Management and Sites, Record Detail, a key the record's metadata carries"
note,nota,"Staff Management and Sites, Record Detail, a key the record's metadata carries"
old role,rol anterior,"Staff Management and Sites, Record Detail, a key the record's metadata carries"
old status,estado anterior,"Staff Management and Sites, Record Detail, a key the record's metadata carries"
old user,persona anterior,"Staff Management and Sites, Record Detail, a key the record's metadata carries"
origin,procedencia,"Staff Management and Sites, Record Detail, a key the record's metadata carries"
ot warning,aviso de horas extra,"Staff Management and Sites, Record Detail, a key the record's metadata carries"
part day,parte del día,"Staff Management and Sites, Record Detail, a key the record's metadata carries"
pct score,puntaje en porcentaje,"Staff Management and Sites, Record Detail, a key the record's metadata carries"
phone,teléfono,"Staff Management and Sites, Record Detail, a key the record's metadata carries"
previous claimer,quien lo había tomado,"Staff Management and Sites, Record Detail, a key the record's metadata carries"
processed,procesados,"Staff Management and Sites, Record Detail, a key the record's metadata carries"
quantity,cantidad,"Staff Management and Sites, Record Detail, a key the record's metadata carries"
rating,calificación,"Staff Management and Sites, Record Detail, a key the record's metadata carries"
reason,motivo,"Staff Management and Sites, Record Detail, a key the record's metadata carries"
reassigned from,reasignado de,"Staff Management and Sites, Record Detail, a key the record's metadata carries"
recipient name,nombre del destinatario,"Staff Management and Sites, Record Detail, a key the record's metadata carries"
recipient user id,id del destinatario,"Staff Management and Sites, Record Detail, a key the record's metadata carries"
removed,quitados,"Staff Management and Sites, Record Detail, a key the record's metadata carries"
replaces pattern id,id del patrón que reemplaza,"Staff Management and Sites, Record Detail, a key the record's metadata carries"
request id,id de la solicitud,"Staff Management and Sites, Record Detail, a key the record's metadata carries"
request type,tipo de solicitud,"Staff Management and Sites, Record Detail, a key the record's metadata carries"
requested,solicitado,"Staff Management and Sites, Record Detail, a key the record's metadata carries"
resolved,resueltos,"Staff Management and Sites, Record Detail, a key the record's metadata carries"
resolved failures,fallos resueltos,"Staff Management and Sites, Record Detail, a key the record's metadata carries"
result id,id del resultado,"Staff Management and Sites, Record Detail, a key the record's metadata carries"
role,rol,"Staff Management and Sites, Record Detail, a key the record's metadata carries"
role at site,rol en el sitio,"Staff Management and Sites, Record Detail, a key the record's metadata carries"
scan method,método de escaneo,"Staff Management and Sites, Record Detail, a key the record's metadata carries"
scheduled date,fecha programada,"Staff Management and Sites, Record Detail, a key the record's metadata carries"
scheduled inspection id,id de la inspección programada,"Staff Management and Sites, Record Detail, a key the record's metadata carries"
scheduled shift id,id del turno programado,"Staff Management and Sites, Record Detail, a key the record's metadata carries"
score,puntaje,"Staff Management and Sites, Record Detail, a key the record's metadata carries"
sent message id,id del mensaje enviado,"Staff Management and Sites, Record Detail, a key the record's metadata carries"
service id,id del servicio,"Staff Management and Sites, Record Detail, a key the record's metadata carries"
session date,fecha de la sesión,"Staff Management and Sites, Record Detail, a key the record's metadata carries"
shift duration,duración del turno,"Staff Management and Sites, Record Detail, a key the record's metadata carries"
shift id,id del turno,"Staff Management and Sites, Record Detail, a key the record's metadata carries"
shift label,nombre del turno,"Staff Management and Sites, Record Detail, a key the record's metadata carries"
site id,id del sitio,"Staff Management and Sites, Record Detail, a key the record's metadata carries"
site session id,id de la sesión en el sitio,"Staff Management and Sites, Record Detail, a key the record's metadata carries"
skipped,omitidos,"Staff Management and Sites, Record Detail, a key the record's metadata carries"
skipped deleted,omitidos por quitados,"Staff Management and Sites, Record Detail, a key the record's metadata carries"
skipped wrong prefix,omitidos por prefijo incorrecto,"Staff Management and Sites, Record Detail, a key the record's metadata carries"
slug,identificador,"Staff Management and Sites, Record Detail, a key the record's metadata carries"
sort order,orden,"Staff Management and Sites, Record Detail, a key the record's metadata carries"
source,fuente,"Staff Management and Sites, Record Detail, a key the record's metadata carries"
source id,id de la fuente,"Staff Management and Sites, Record Detail, a key the record's metadata carries"
source name,nombre de la fuente,"Staff Management and Sites, Record Detail, a key the record's metadata carries"
split,dividido,"Staff Management and Sites, Record Detail, a key the record's metadata carries"
start time,hora de inicio,"Staff Management and Sites, Record Detail, a key the record's metadata carries"
starts on,empieza el,"Staff Management and Sites, Record Detail, a key the record's metadata carries"
step category,categoría del paso,"Staff Management and Sites, Record Detail, a key the record's metadata carries"
step name,nombre del paso,"Staff Management and Sites, Record Detail, a key the record's metadata carries"
steps,pasos,"Staff Management and Sites, Record Detail, a key the record's metadata carries"
submission id,id del envío,"Staff Management and Sites, Record Detail, a key the record's metadata carries"
supply id,id del suministro,"Staff Management and Sites, Record Detail, a key the record's metadata carries"
supply name,nombre del suministro,"Staff Management and Sites, Record Detail, a key the record's metadata carries"
target role,rol de destino,"Staff Management and Sites, Record Detail, a key the record's metadata carries"
target user id,id de la persona de destino,"Staff Management and Sites, Record Detail, a key the record's metadata carries"
task id,id de la tarea,"Staff Management and Sites, Record Detail, a key the record's metadata carries"
task label,nombre de la tarea,"Staff Management and Sites, Record Detail, a key the record's metadata carries"
task type,tipo de tarea,"Staff Management and Sites, Record Detail, a key the record's metadata carries"
template id,id de la plantilla,"Staff Management and Sites, Record Detail, a key the record's metadata carries"
template name,nombre de la plantilla,"Staff Management and Sites, Record Detail, a key the record's metadata carries"
to,a,"Staff Management and Sites, Record Detail, a key the record's metadata carries"
total,total,"Staff Management and Sites, Record Detail, a key the record's metadata carries"
total score,puntaje total,"Staff Management and Sites, Record Detail, a key the record's metadata carries"
training name,nombre de la capacitación,"Staff Management and Sites, Record Detail, a key the record's metadata carries"
training type,tipo de capacitación,"Staff Management and Sites, Record Detail, a key the record's metadata carries"
unit,unidad,"Staff Management and Sites, Record Detail, a key the record's metadata carries"
updated,actualizados,"Staff Management and Sites, Record Detail, a key the record's metadata carries"
urgency,urgencia,"Staff Management and Sites, Record Detail, a key the record's metadata carries"
user id,id de la persona,"Staff Management and Sites, Record Detail, a key the record's metadata carries"
value,valor,"Staff Management and Sites, Record Detail, a key the record's metadata carries"
vendor id,id del proveedor,"Staff Management and Sites, Record Detail, a key the record's metadata carries"
weekly minutes,minutos semanales,"Staff Management and Sites, Record Detail, a key the record's metadata carries"
Pre-Service Site Assessment,Evaluación del sitio antes del servicio,"A form's title where the dashboard names it: Forms, Filed forms, Who gets told, Customer links"
Monthly Client Performance Report,Informe mensual de desempeño para el cliente,"A form's title where the dashboard names it: Forms, Filed forms, Who gets told"
Employee Performance Evaluation,Evaluación del desempeño del empleado,"A form's title where the dashboard names it: Forms, Filed forms, Who gets told"
Call Intake and Communication Log,Registro de llamadas y comunicaciones,"A form's title where the dashboard names it: Forms, Filed forms, Who gets told"
Change of Service Request,Solicitud de cambio de servicio,"A form's title where the dashboard names it: Forms, Filed forms, Who gets told"
Site-Specific Orientation Checklist,Lista de orientación específica del sitio,"A form's title where the dashboard names it: Forms, Filed forms, Who gets told"
insert,inserción,"Forms, Jotform, unresolved failures, the stage a submission failed at"
update,actualización,"Forms, Jotform, unresolved failures, the stage a submission failed at"
person not active,persona no activa,"Schedule, Patterns, a date skipped because the person is not active"
{0} shift scheduled,{0} turno programado,"Schedule, after Schedule Shift"
{0} shifts scheduled,{0} turnos programados,"Schedule, after Schedule Shift"
Send announcements to staff,Enviar anuncios al personal,"Settings, Roles and Permissions, the send_announcements capability"
Keep the injury log,Llevar el registro de lesiones,"Roles and Permissions, the record_injuries capability's name"
Only someone who keeps the injury log can change these answers.,Solo quien lleva el registro de lesiones puede cambiar estas respuestas.,"Forms, a filed report, a section whose answers this account cannot change"
Your account cannot change these answers.,Su cuenta no puede cambiar estas respuestas.,"Forms, a filed report, a section whose answers are kept for another permission"
Safety records,Registros de seguridad,"Reports, the heading over the injury log and its annual summary"
Injury log,Registro de lesiones,"Reports, Safety records, the OCSA-FRM-028 log's card and title"
"Every recordable injury and illness of a year, with its totals.","Cada lesión y enfermedad registrable de un año, con sus totales.","Reports, Safety records, the injury log's card"
Year,Año,"Reports, the injury log and the annual summary, the year picker"
Job title,Puesto,"Reports, the injury log, a column"
Where,Lugar,"Reports, the injury log, the column naming where the event happened"
Outcome,Resultado,"Reports, the injury log, a column"
Days away,Días de ausencia,"Reports, the injury log, a column"
Days restricted,Días restringidos,"Reports, the injury log, a column"
Privacy case,Caso de privacidad,"Reports, the injury log, the name cell of a privacy case"
No recordable cases this year.,No hay casos registrables este año.,"Reports, the injury log, a year with no case"
Totals for {0},Totales de {0},"Reports, the injury log, the heading over the totals; {0} is the year"
Death,Muerte,"Reports, the injury log, a case's outcome"
Days away from work,Días de ausencia del trabajo,"Reports, the injury log, a case's outcome, and a block of the totals"
Job transfer or restriction,Traslado de puesto o restricción,"Reports, the injury log, a case's outcome"
Other recordable case,Otro caso registrable,"Reports, the injury log, a case's outcome"
Injury,Lesión,"Reports, the injury log, a case's type"
Skin disorder,Trastorno de la piel,"Reports, the injury log, a case's type"
Respiratory condition,Afección respiratoria,"Reports, the injury log, a case's type"
Poisoning,Envenenamiento,"Reports, the injury log, a case's type"
Hearing loss,Pérdida de audición,"Reports, the injury log, a case's type, and a total"
All other illnesses,Todas las demás enfermedades,"Reports, the injury log, a case's type, and a total"
Number of cases,Número de casos,"Reports, the injury log and the annual summary, a block of the totals"
Days of job transfer or restriction,Días con traslado de puesto o restricción,"Reports, the injury log and the annual summary, a block of the totals"
Injury and illness types,Tipos de lesiones y enfermedades,"Reports, the injury log and the annual summary, a block of the totals"
Deaths,Muertes,"Reports, the injury log and the annual summary, a total"
Cases with days away from work,Casos con días de ausencia del trabajo,"Reports, the injury log and the annual summary, a total"
Cases with job transfer or restriction,Casos con traslado de puesto o restricción,"Reports, the injury log and the annual summary, a total"
Other recordable cases,Otros casos registrables,"Reports, the injury log and the annual summary, a total"
Total days away from work,Total de días de ausencia del trabajo,"Reports, the injury log and the annual summary, a total"
Total days of job transfer or restriction,Total de días con traslado de puesto o restricción,"Reports, the injury log and the annual summary, a total"
Injuries,Lesiones,"Reports, the injury log and the annual summary, a total"
Skin disorders,Trastornos de la piel,"Reports, the injury log and the annual summary, a total"
Respiratory conditions,Afecciones respiratorias,"Reports, the injury log and the annual summary, a total"
Poisonings,Envenenamientos,"Reports, the injury log and the annual summary, a total"
Annual summary,Resumen anual,"Reports, Safety records, the OCSA-FRM-029 summary's card and title"
"The year's totals and their certification, posted from February 1 to April 30.","Los totales del año y su certificación, que se publican del 1 de febrero al 30 de abril.","Reports, Safety records, the annual summary's card"
Post the {0} summary from February 1 to April 30.,Publique el resumen de {0} del 1 de febrero al 30 de abril.,"Reports and the annual summary, the banner while a summary is due to be posted; {0} is the year"
Establishment,Establecimiento,"Reports, the annual summary, the company's name and address"
Annual average number of employees,Promedio anual de empleados,"Reports, the annual summary, a figure to type and save"
Total hours worked by all employees last year,Total de horas trabajadas por todos los empleados el año pasado,"Reports, the annual summary, a figure to type and save"
"To check against: {0} active staff accounts on average, counted on the first of each month.","Para comparar: {0} cuentas activas del personal en promedio, contadas el primer día de cada mes.","Reports, the annual summary, under the average number of employees; {0} is the count"
Certification,Certificación,"Reports, the annual summary, the heading over who certified it"
"Certified by {0}, {1}, on {2}","Certificado por {0}, {1}, el {2}","Reports, the annual summary; {0} is the name, {1} the title, {2} the day and time"
Not certified yet.,Todavía no está certificado.,"Reports, the annual summary, a year nobody has certified"
The injury log changed after this summary was certified. It needs certifying again.,El registro de lesiones cambió después de que se certificó este resumen. Hay que certificarlo de nuevo.,"Reports, the annual summary, when the totals changed after certifying"
Company executive,Ejecutivo de la empresa,"Reports, the annual summary, the name of the person who certifies it"
Title,Cargo,"Reports, the annual summary, the certifier's job title"
I certify that I have examined the injury log and that to the best of my knowledge this annual summary is correct and complete.,"Certifico que he examinado el registro de lesiones y que, a mi leal saber y entender, este resumen anual es correcto y completo.","Reports, the annual summary, above the signature box"
Certify,Certificar,"Reports, the annual summary, the signature box's button"
Certifying...,Certificando...,"Reports, the annual summary, the signature box's button while it sends"
Kind,Tipo,"Inspections, a template's window, whether it is a supervisor or an audit inspection"
Supervisor inspection,Inspección de supervisor,"Inspections, a template's kind, on its card and in its window"
Audit inspection,Inspección de auditoría,"Inspections, a template's kind, on its card and in its window"
Contract reference,Referencia del contrato,"Sites, a site's Contract Details and Edit Site Details, the contract's number or name"
Service lines,Líneas de servicio,"Sites, a site's Contract Details and Edit Site Details, the eight service lines as checkboxes"
Office,Oficinas,"Sites, a site's service lines"
Schools,Escuelas,"Sites, a site's service lines"
Laboratory,Laboratorio,"Sites, a site's service lines"
Industrial,Industrial,"Sites, a site's service lines"
Disinfection,Desinfección,"Sites, a site's service lines"
Post-construction,Después de obra,"Sites, a site's service lines"
Day porter,Conserje de día,"Sites, a site's service lines"
Landscaping,Jardinería,"Sites, a site's service lines"
This question is still being answered. The answer will show here.,Esta pregunta todavía se está respondiendo. La respuesta aparecerá aquí.,"Help, under a question sent again while its answer is still being written, with Try again"
Which site is this for?,¿Para qué sitio es este reporte?,"Forms, Start a form, the question asked after a form is picked, the portal's words"
No particular site,Ningún sitio en particular,"Forms, Start a form, the last choice under Which site is this for?"
No private chat yet,Todavía no hay chat privado,"Messages, Search staff, under a person who has no private chat yet"
No private chat with {0} yet. It starts the first time they open their messages in the staff app.,Todavía no hay un chat privado con {0}. Empieza la primera vez que abra sus mensajes en la aplicación del personal.,"Messages, the conversation side, after picking a person with no private chat yet; {0} is the person's name"
Quotes,Cotizaciones,"The side panel under Services, and the Quotes page's title"
Build quotes,Preparar cotizaciones,"Settings, Roles and Permissions, the capability that opens Quotes"
New quote,Nueva cotización,"Quotes, the button over the list, and the title of a quote not saved yet"
"Every quote, newest first. A row opens the quote.","Todas las cotizaciones, de la más reciente a la más antigua. Una fila abre la cotización.","Quotes, the line under the title"
"Search number, client, site","Buscar número, cliente o sitio","Quotes, the search box over the list"
Number,Número,"Quotes, the list's first column, the quote's number"
Monthly price,Precio mensual,"Quotes, a column of the list"
Valid until|quote,Válida hasta,"Quotes, a column of the list, and the quote's details"
Sent|quote,Enviada,"Quotes, a column of the list with the day it was sent, and a quote's status"
Draft|quote,Borrador,"Quotes, a quote's status"
Accepted|quote,Aceptada,"Quotes, a quote's status"
Declined|quote,Rechazada,"Quotes, a quote's status"
Void|quote,Anulada,"Quotes, a quote's status"
Revision {0},Revisión {0},"Quotes, under a quote's number once it has been revised; {0} is the revision"
No quotes match.,Ninguna cotización coincide.,"Quotes, the list when the status or the search finds none"
No quotes yet. New quote starts one.,Todavía no hay cotizaciones. Nueva cotización empieza una.,"Quotes, the list when there are none"
Back to quotes,Volver a las cotizaciones,"Quotes, a quote, the button back to the list"
sq ft,pies cuadrados,"Quotes, a quote, the unit beside a square foot box and a square foot figure"
days|unit,días,"Quotes, a quote, the unit beside a box or a figure counted in days"
hours|unit,horas,"Quotes, a quote, the unit beside a box or a figure counted in hours"
months|unit,meses,"Quotes, a quote, the unit beside a box or a figure counted in months"
{0} per hour,{0} por hora,"Quotes, a quote, a rate per hour; {0} is the dollar sign, an amount, or what a task line counts, such as sq ft"
{0} per sq ft,{0} por pie cuadrado,"Quotes, a quote, a price per square foot; {0} is the dollar sign or an amount"
per hour,por hora,"Quotes, a quote, beside a wage box"
per sq ft,por pie cuadrado,"Quotes, a quote, beside a price per square foot box"
Follows the service days,Sigue los días de servicio,"Quotes, a quote, Workload, the frequency table, a frequency counted from the service days"
Follows the school days,Sigue los días de clases,"Quotes, a quote, Workload, the frequency table, a frequency counted from the school days"
Half the service days,La mitad de los días de servicio,"Quotes, a quote, Workload, the frequency table, every other service day"
Frequencies,Frecuencias,"Quotes, a quote, Workload, the title of the frequency table"
Frequency,Frecuencia,"Quotes, a quote, Workload, a column of the frequency table and of each task line"
Times per month,Veces al mes,"Quotes, a quote, Workload, a column of the frequency table and of each task line"
Times per month follows the frequency until you type a count over it. Clear the count to follow the frequency again.,Las veces al mes siguen la frecuencia hasta que escriba una cantidad encima. Borre la cantidad para volver a seguir la frecuencia.,"Quotes, a quote, Workload, under the frequency table"
Rate per hour,Tasa por hora,"Quotes, a quote, Workload, a column of the task lines, how much is done in an hour"
Hours each time,Horas cada vez,"Quotes, a quote, Workload, the lines entered by hand"
Hours per month,Horas al mes,"Quotes, a quote, Workload, the last column of the task lines"
No rows.,No hay filas.,"Quotes, a quote, a list of equipment, supplies or other direct costs with every row removed"
Figures,Cifras,"Quotes, a quote, the title of the panel beside the steps"
Working out the figures...,Calculando las cifras...,"Quotes, a quote, the figures panel while the figures are worked out"
These figures are from before the last change.,Estas cifras son de antes del último cambio.,"Quotes, a quote, the figures panel while a value cannot be read"
Checks,Verificaciones,"Quotes, a quote, the figures panel, over the checks"
A check that is not met is a warning. It never stops a save or a send.,Una verificación que no se cumple es una advertencia. Nunca impide guardar ni enviar.,"Quotes, a quote, the figures panel, under the checks"
Changes not saved yet,Cambios todavía sin guardar,"Quotes, a quote, beside Save after a change"
Quote saved.,Cotización guardada.,"Quotes, a quote, the notice after Save"
Leave without saving your changes?,¿Salir sin guardar los cambios?,"Quotes, a quote, after Back to quotes with changes not saved"
Keep editing,Seguir editando,"Quotes, a quote, beside Leave after Back to quotes with changes not saved"
Client and site,Cliente y sitio,"Quotes, a quote, the card above the steps"
Site on file,Sitio registrado,"Quotes, a quote, Client and site, the site picker"
No site on file,Ningún sitio registrado,"Quotes, a quote, Client and site, the site picker's first choice"
Site address,Dirección del sitio,"Quotes, a quote, Client and site"
"Left empty, the client, the site name and the address are filled from the site on file when you save.","Si se dejan vacíos, el cliente, el nombre del sitio y la dirección se llenan con el sitio registrado al guardar.","Quotes, a quote, Client and site, under the boxes"
Step {0} of {1},Paso {0} de {1},"Quotes, a quote, between Back and Next; {0} is the step and {1} how many"
Preview client PDF,Ver el PDF del cliente,"Quotes, a saved quote, the button that opens the client's PDF"
Internal worksheet,Hoja de trabajo interna,"Quotes, a saved quote, the button and the window of the worksheet with every cost"
Client PDF,PDF del cliente,"Quotes, the title of the window that shows the client's PDF"
"Every input, task line, figure and check, with the wages, burden and margin. It stays inside the company.","Cada dato, línea de tarea, cifra y verificación, con los salarios, las cargas y el margen. Se queda dentro de la empresa.","Quotes, the Internal worksheet window, under the title"
"What the client receives: the scope, how often each task is done, the price and the terms. It shows no hour, rate, cost or margin.","Lo que recibe el cliente: el alcance, con qué frecuencia se hace cada tarea, el precio y los términos. No muestra horas, tasas, costos ni margen.","Quotes, the Client PDF window, under the title"
The PDF shows the quote as last saved.,El PDF muestra la cotización como se guardó por última vez.,"Quotes, the PDF windows, while a change is not saved yet"
"The mail carries the client's PDF only: the scope, how often each task is done, and the price. It is written in English and then Spanish, with your message above both.","El correo lleva solo el PDF del cliente: el alcance, con qué frecuencia se hace cada tarea y el precio. Está escrito en inglés y luego en español, con su mensaje arriba de ambos.","Quotes, Send to the client, under the title"
Language of the PDF,Idioma del PDF,"Quotes, Send to the client, the language of the page the mail carries"
Mailed to {0} of {1}.,Se envió a {0} de {1}.,"Quotes, Send to the client, after Send; {0} is how many the mail reached and {1} how many it was sent to"
"The quote changed while it was mailing, so it was not marked sent.","La cotización cambió mientras se enviaba, así que no se marcó como enviada.","Quotes, Send to the client, after Send, when the quote was saved or closed while it mailed"
Mark accepted,Marcar como aceptada,"Quotes, a saved quote, the button that closes it as accepted"
Mark declined,Marcar como rechazada,"Quotes, a saved quote, the button that closes it as declined"
"Mark this quote accepted? Once it is, the quote reads only.",¿Marcar esta cotización como aceptada? Después solo se puede leer.,"Quotes, a saved quote, after Mark accepted"
"Mark this quote declined? Once it is, the quote reads only.",¿Marcar esta cotización como rechazada? Después solo se puede leer.,"Quotes, a saved quote, after Mark declined"
"Void this quote? Once it is, the quote reads only.",¿Anular esta cotización? Después solo se puede leer.,"Quotes, a saved quote, after Void"
Quote marked {0}.,Cotización marcada como {0}.,"Quotes, the notice after Mark accepted, Mark declined or Void; {0} is the status"
"This quote is {0}, so it reads only.","Esta cotización está {0}, así que solo se puede leer.","Quotes, a quote that is accepted, declined or void; {0} is the status"
Save your changes before sending or closing the quote.,Guarde los cambios antes de enviar o cerrar la cotización.,"Quotes, a saved quote, beside Send to the client while a change is not saved"
Sent on {0} to {1}.,Se envió el {0} a {1}.,"Quotes, a sent quote, over the steps; {0} is when and {1} who"
"Saving a change makes this quote a draft again, as revision {0}.","Al guardar un cambio, esta cotización vuelve a ser borrador, como la revisión {0}.","Quotes, a sent quote, over the steps; {0} is the next revision"
Quote defaults,Valores iniciales de las cotizaciones,"Settings, the tab and the title of the company's starting values for a new quote"
"The starting values every new quote takes. A box left empty takes the model's own value, shown greyed. A quote already made keeps its own values.","Los valores con los que empieza cada cotización nueva. Una casilla vacía toma el valor propio del modelo, que se ve en gris. Una cotización ya hecha conserva sus valores.","Settings, Quote defaults, under the title"
Last saved by {0} on {1}.,Guardado por última vez por {0} el {1}.,"Settings, Quote defaults, under the title; {0} is who and {1} when"
Last saved on {0}.,Guardado por última vez el {0}.,"Settings, Quote defaults, under the title, when the API names no one; {0} is when"
Days a quote stays valid,Días que una cotización es válida,"Settings, Quote defaults, from 1 to 365"
Terms in English,Términos en inglés,"Settings, Quote defaults, the terms the English client's PDF prints"
Terms in Spanish,Términos en español,"Settings, Quote defaults, the terms the Spanish client's PDF prints"
The terms print on the client's PDF. A Spanish PDF prints the English terms while no Spanish is saved.,Los términos se imprimen en el PDF del cliente. Un PDF en español imprime los términos en inglés mientras no haya términos en español guardados.,"Settings, Quote defaults, under the terms"
Quote defaults saved.,Valores iniciales de las cotizaciones guardados.,"Settings, Quote defaults, the notice after Save"
{0} address could not be reached.,No se pudo entregar a {0} dirección.,"Quotes, Send to the client, after Send, when the count is one"
{0} addresses could not be reached.,No se pudo entregar a {0} direcciones.,"Quotes, Send to the client, after Send, when the count is more than one"
New message,Nuevo mensaje,"Messages, the button over the list, and the title of the window it opens"
Picking someone in the office opens your direct chat with them. Picking a staff member opens their private chat with the office.,Al elegir a alguien de la oficina se abre su chat directo con esa persona. Al elegir a alguien del personal se abre su chat privado con la oficina.,"Messages, New message, under the title"
Search by name or badge,Buscar por nombre o número de empleado,"Messages, New message, the search box"
Office|people,Oficina,"Messages, New message, the heading over the admins and supervisors"
Search chats and people,Buscar chats y personas,"Messages, the search box over the list"
People,Personas,"Messages, the list, the heading over people found by the search who have no chat yet"
Message {0},Escribir a {0},"Messages, the list, a person found by the search with no chat yet; {0} is their name"
Direct message,Mensaje directo,"Messages, under the name at the top of a chat between two office people"
Direct messages,Mensajes directos,"Messages, the list, the heading over the chats between two office people"
No direct messages yet. New message starts one.,Todavía no hay mensajes directos. Nuevo mensaje empieza uno.,"Messages, the list, under Direct messages when there are none"
Act 34 PA State Police check,Verificación de la Policía Estatal (Act 34),"HR Records, a person, Clearances, and the Clearances page; the words STEP210_CONTRACT.md gives"
Act 151 child abuse clearance,Verificación de antecedentes de abuso infantil (Act 151),"HR Records, a person, Clearances, and the Clearances page; the words STEP210_CONTRACT.md gives, the Spanish as the API's Step 210 review settled it"
FBI fingerprint check,Verificación de huellas del FBI,"HR Records, a person, Clearances, and the Clearances page; the words STEP210_CONTRACT.md gives"
Act 168 employment history review,Revisión del historial laboral (Act 168),"HR Records, a person, Clearances, and the Clearances page; the words STEP210_CONTRACT.md gives"
Current|clearance,Vigente,"Clearances, the state of a clearance that is in date"
Expiring|clearance,Por vencer,"Clearances, the state of a clearance that expires within 90 days"
Expired|clearance,Vencida,"Clearances, the state of a clearance past its expiry"
Missing|clearance,Falta,"Clearances, the state of a clearance or review with none on file"
Done|review,Hecha,"Clearances, the state of an Act 168 review on file"
Clearances,Autorizaciones escolares,"HR Records, a person, the section's title, and the page beside HR Records"
Needed to work at a school site. Each is renewed every 60 months from its own date.,Necesarias para trabajar en un sitio escolar. Cada una se renueva cada 60 meses a partir de su propia fecha.,"HR Records, a person, under Clearances"
"Issued {0}, expires {1}","Emitida el {0}, vence el {1}","Clearances, a clearance's dates; {0} is the date issued and {1} the expiry"
None on file,Ninguna registrada,"Clearances, a clearance or review with none on file"
Add or renew,Agregar o renovar,"HR Records, a person, Clearances, the button on each clearance, and its window's title"
Correct a date,Corregir una fecha,"HR Records, a person, Clearances, the button on a clearance, and its window's title"
History ({0}),Historial ({0}),"HR Records, a person, Clearances, the earlier clearances of a kind; {0} is how many"
Corrected on {0} from {1} to {2}: {3},Corregida el {0} de {1} a {2}: {3},"HR Records, a person, Clearances, a correction; {0} is when, {1} the old date, {2} the new date and {3} the reason"
Completed on {0}. Disclosure: {1}.,Hecha el {0}. Divulgación: {1}.,"HR Records, a person, Clearances, the Act 168 review; {0} is the date and {1} Yes or No"
Record the review,Registrar la revisión,"HR Records, a person, Clearances, the Act 168 button, and its window's title"
"For a date entered wrongly. The clearance keeps its place, its expiry is worked out again from the right date, and the correction is recorded with your reason.","Para una fecha anotada por error. La autorización conserva su lugar, su vencimiento se calcula de nuevo con la fecha correcta y la corrección queda registrada con su motivo.","Clearances, Correct a date, under the title"
The employment history review the school can ask to see.,La revisión del historial laboral que la escuela puede pedir ver.,"Clearances, Record the review, under the title"
A clearance is renewed every 60 months from the date on it. The one there now stays in the history.,Una autorización se renueva cada 60 meses a partir de la fecha que tiene. La que hay ahora queda en el historial.,"Clearances, Add or renew, under the title"
Entered as {0}.,Anotada como {0}.,"Clearances, Correct a date, the date as it was entered; {0} is the date"
The right date,La fecha correcta,"Clearances, Correct a date, the date box"
Completed on,Hecha el,"Clearances, Record the review, the date box"
Issued on,Emitida el,"Clearances, Add or renew, the date box"
Anything disclosed?,¿Se divulgó algo?,"Clearances, Record the review, whether the review disclosed anything"
No document,Sin documento,"Clearances, Add or renew and Record the review, the document picker's first choice"
From this person's HR documents. Optional.,De los documentos de recursos humanos de esta persona. Opcional.,"Clearances, Add or renew and Record the review, under the document picker"
Every active person,Todas las personas activas,"Clearances, the state filter's first choice"
"Everyone, inactive and terminated included","Todos, incluidas las personas inactivas y dadas de baja","Clearances, the state filter's last choice"
"Everyone's school clearances, the soonest expiry first. A row opens the person's record.","Las autorizaciones escolares de todos, primero las que vencen antes. Una fila abre el expediente de la persona.","Clearances, the line under the title"
School site,Sitio escolar,"Clearances, the column saying whether the person works at a school site"
Pick a site to export it for the school.,Elija un sitio para exportarlo para la escuela.,"Clearances, beside Export for a school while no site is picked"
Export for a school,Exportar para una escuela,"Clearances, the button that saves the chosen site's clearances as a CSV"
Act 34,Act 34,"Clearances, a column's short name; the full name shows when the pointer rests on it"
Act 151,Act 151,"Clearances, a column's short name; the full name shows when the pointer rests on it"
FBI,FBI,"Clearances, a column's short name; the full name shows when the pointer rests on it"
Act 168,Act 168,"Clearances, a column's short name; the full name shows when the pointer rests on it"
Clearances missing,Faltan autorizaciones escolares,"Any screen that puts someone on work, the window drawn when the school site guard refuses it"
{0} cannot be placed at this school site.,No se puede asignar a {0} a este sitio escolar.,"Clearances missing, the first line; {0} is the person's name"
This person cannot be placed at this school site.,No se puede asignar a esta persona a este sitio escolar.,"Clearances missing, the first line when the refusal names nobody"
Missing or out of date:,Faltan o están vencidas:,"Clearances missing, over the list of clearances"
"Nobody works at a school site without current clearances. If a date was entered wrongly, correct it on their Clearances, then try again.","Nadie trabaja en un sitio escolar sin autorizaciones vigentes. Si una fecha se anotó por error, corríjala en sus autorizaciones escolares y vuelva a intentarlo.","Clearances missing, under the list"
Open the clearances of {0},Abrir las autorizaciones de {0},"Clearances missing, the button to the person's record; {0} is their name"
Open their clearances,Abrir sus autorizaciones,"Clearances missing, the button to the person's record when the name is not known"
Industry description,Descripción de la industria,"Settings, Company, OSHA 300A"
NAICS code,Código NAICS,"Settings, Company, OSHA 300A"
Six digits,Seis dígitos,"Settings, Company, OSHA 300A, under NAICS code"
Executive name,Nombre del ejecutivo,"Settings, Company, OSHA 300A, the company executive who certifies the summary"
Executive title,Cargo del ejecutivo,"Settings, Company, OSHA 300A"
Executive phone,Teléfono del ejecutivo,"Settings, Company, OSHA 300A"
OSHA 300A,OSHA 300A,"Settings, Company, the card of the fields the annual summary prints"
The annual summary of injuries prints these. A blank one stays a line to fill in by hand.,El resumen anual de lesiones imprime estos datos. Uno en blanco queda como una línea para llenar a mano.,"Settings, Company, under OSHA 300A"
Download for OSHA,Descargar para OSHA,"Reports, Safety records, Annual summary, beside Export PDF"
Posting,Publicación,"Reports, Safety records, Annual summary, the card with the posting date"
The day the summary went up where employees can read it. It stays up from February 1 to April 30.,El día en que el resumen se colocó donde el personal puede leerlo. Se queda colocado del 1 de febrero al 30 de abril.,"Annual summary, Posting, under the title"
Posted on,Publicado el,"Annual summary, Posting, the date box"
The posting date did not save. Try again.,La fecha de publicación no se guardó. Intente de nuevo.,"Annual summary, Posting, when the summary read after a save does not hold the date"
Download for OSHA saves the summary as the file OSHA's Injury Tracking Application takes.,Descargar para OSHA guarda el resumen como el archivo que acepta la aplicación de seguimiento de lesiones de OSHA.,"Annual summary, Posting, the last line"
Workload plan,Plan de carga de trabajo,"Sites, a site, the tab; the title of the plan's PDF window"
Hours a month,Horas al mes,"Sites, a site, Workload plan, a tile"
Hours a service day,Horas por día de servicio,"Sites, a site, Workload plan, a tile"
Staff recommended,Personal recomendado,"Sites, a site, Workload plan, a tile"
Staff minimum,Personal mínimo,"Sites, a site, Workload plan, a tile"
Cleaners assigned,Limpiadores asignados,"Sites, a site, Workload plan, a tile: the active cleaners assigned to the site"
No workload plan yet.,Todavía no hay plan de carga de trabajo.,"Sites, a site, Workload plan, when the site has none"
Print the plan,Imprimir el plan,"Sites, a site, Workload plan, the button that opens the plan's PDF"
"The hours this building needs, task by task, and the staff that follows, from the quote used as its plan. It shows no price.","Las horas que necesita este edificio, tarea por tarea, y el personal que resulta, de la cotización usada como su plan. No muestra ningún precio.","Sites, a site, Workload plan, under the title"
The quote changed after this plan took it. Use the quote again to update the plan.,La cotización cambió después de que este plan la tomó. Vuelva a usar la cotización para actualizar el plan.,"Sites, a site, Workload plan, when the quote was saved after the plan took it"
"From quote {0}, revision {1}, taken on {2} by {3}.","De la cotización {0}, revisión {1}, tomado el {2} por {3}.","Sites, a site, Workload plan, the line naming the quote, the day and who took it"
"From quote {0}, revision {1}, taken on {2}.","De la cotización {0}, revisión {1}, tomado el {2}.","Sites, a site, Workload plan, the same line when the answer names nobody"
The plan already has this quote as it was saved. Nothing changed.,El plan ya tiene esta cotización tal como se guardó. No cambió nada.,"Sites, a site, Workload plan, after a quote is used again with no change"
Open the quote,Abrir la cotización,"Sites, a site, Workload plan, for people who build quotes"
Update the plan,Actualizar el plan,"Sites, a site, Workload plan, when the quote changed after the plan took it"
End the plan,Terminar el plan,"Sites, a site, Workload plan, for people who build quotes"
"End this site's workload plan? It moves to the earlier plans, and the site has no plan until a quote is used again.","¿Terminar el plan de carga de trabajo de este sitio? Pasa a los planes anteriores, y el sitio no tiene plan hasta que se vuelva a usar una cotización.","Sites, a site, Workload plan, End the plan, the question above the reason"
Make a workload plan,Hacer un plan de carga de trabajo,"Sites, a site, Workload plan, with no plan: opens a new quote for the site"
Use a saved quote,Usar una cotización guardada,"Sites, a site, Workload plan, with no plan: lists the site's saved quotes"
This site's saved quotes. Declined and void quotes are left out.,Las cotizaciones guardadas de este sitio. Se omiten las rechazadas y las anuladas.,"Sites, a site, Workload plan, Use a saved quote"
Optional. It shows with the plan.,Opcional. Se muestra con el plan.,"Sites, a site, Workload plan, Use a saved quote, under Note"
No saved quote names this site yet.,Todavía ninguna cotización guardada nombra este sitio.,"Sites, a site, Workload plan, Use a saved quote, when there are none"
Use this quote,Usar esta cotización,"Sites, a site, Workload plan, Use a saved quote, on each quote"
Typed by hand,Escrito a mano,"Sites, a site, Workload plan, the task table, under a count typed over its frequency"
Earlier plans,Planes anteriores,"Sites, a site, Workload plan, the plans the site had before"
"Quote {0}, revision {1}","Cotización {0}, revisión {1}","Sites, a site, Workload plan, Earlier plans; the plan's PDF window"
Taken on {0} by {1},Tomado el {0} por {1},"Sites, a site, Workload plan, Earlier plans"
Taken on {0},Tomado el {0},"Sites, a site, Workload plan, Earlier plans, when the answer names nobody"
Ended on {0} by {1},Terminado el {0} por {1},"Sites, a site, Workload plan, Earlier plans"
Ended on {0},Terminado el {0},"Sites, a site, Workload plan, Earlier plans, when the answer names nobody"
Replaced by a newer plan,Reemplazado por un plan más reciente,"Sites, a site, Workload plan, Earlier plans, a plan another quote replaced"
Reason: {0},Motivo: {0},"Sites, a site, Workload plan, Earlier plans, why a plan was ended"
Workload plan saved.,Plan de carga de trabajo guardado.,"Sites, a site, Workload plan, and a quote, after a quote is used as the plan"
Workload plan ended.,Plan de carga de trabajo terminado.,"Sites, a site, Workload plan, after End the plan"
"The plan as the site reads it: the hours, the staffing and the task table. It shows no price.","El plan como lo lee el sitio: las horas, el personal y la tabla de tareas. No muestra ningún precio.","Sites, a site, Workload plan, Print the plan, the window's help"
Use as this site's workload plan,Usar como plan de carga de trabajo de este sitio,"Quotes, a saved quote with a site, the Workload plan card"
Save first,Guarde primero,"Quotes, a quote, beside Use as this site's workload plan while changes are not saved"
Workload plan for {0},Plan de carga de trabajo de {0},"Quotes, a quote, the Workload plan card: the site whose current plan the quote is"
Was the workload plan for {0},Fue el plan de carga de trabajo de {0},"Quotes, a quote, the Workload plan card: a site whose plan the quote was"
Changed since,Cambió desde entonces,"Quotes, a quote, the Workload plan card; Sites, Workload plans: the quote was saved after the plan took it"
Saving does not change the site's plan. Use the quote again to update it.,Guardar no cambia el plan del sitio. Vuelva a usar la cotización para actualizarlo.,"Quotes, a quote that is a site's current workload plan, beside Save"
"Makes this quote the site's workload plan: its hours, staffing and tasks, with no price. A save after that does not change the plan.","Hace de esta cotización el plan de carga de trabajo del sitio: sus horas, su personal y sus tareas, sin precio. Un cambio guardado después no cambia el plan.","Quotes, a quote, the Workload plan card, above the note"
Workload plans,Planes de carga de trabajo,"Sites, the table above the site list"
Plan,Plan,"Sites, Workload plans, a column: the quote and revision the plan came from"
No plan yet,Todavía sin plan,"Sites, Workload plans, a site with no plan"
"Which active sites have a workload plan, with its hours and staffing. A row opens the site's plan.","Qué sitios activos tienen un plan de carga de trabajo, con sus horas y su personal. Una fila abre el plan del sitio.","Sites, Workload plans, under the title"
Photos of the whole inspection,Fotos de toda la inspección,"Inspections, a completed inspection, and its printed report"
"Signed by {0}, {1}","Firmado por {0}, {1}","Inspections, a completed inspection, under the signature, and its printed report: the signer's name, then the day and time"
No rows yet. Add a row to price it.,Todavía no hay filas. Agregue una para cotizarla.,"Quotes, Equipment and supplies, an empty list; Settings, Quote defaults, the same lists"
"The equipment, supplies and other direct costs lists start every new quote with the rows set here, or with none.","Las listas de equipo, suministros y otros costos directos empiezan cada cotización nueva con las filas que se fijen aquí, o sin ninguna.","Settings, Quote defaults, under the title"
End employment,Terminar el empleo,"Staff Management, a profile, a button and its window; Roster check, a row"
Put on leave,Poner en licencia,"Staff Management, a profile, a button and its window; Roster check, a row"
Return from leave,Regresar de la licencia,"Staff Management, a profile of a person on leave, a button and its window"
Rehire,Recontratar,"Staff Management, a profile of a person whose employment ended, a button and its window"
On leave,En licencia,"Staff Management, the list's status and Roster check, a filter; Employment, the status and History"
No reason recorded,No hay motivo registrado,"Staff Management and HR Records, Employment, a person inactive or ended with no reason"
Record the reason,Registrar el motivo,"Staff Management, Employment, a person with no reason recorded, a button and its window"
Eligible for rehire?,¿Elegible para recontratación?,"Staff Management, End employment, a field"
Eligible for rehire,Elegible para recontratación,"Staff Management and HR Records, Employment, an ended employment"
Not eligible for rehire,No elegible para recontratación,"Staff Management and HR Records, Employment, an ended employment"
Marked not eligible for rehire when they left.,Se marcó como no elegible para recontratación al salir.,"Staff Management, Rehire, the window"
Employment ended,Fin del empleo,"Staff Management and HR Records, Employment, the status and History"
Returned from leave,Regreso de la licencia,"Staff Management and HR Records, Employment, History"
Rehired,Recontratación,"Staff Management and HR Records, Employment, History"
Status changed,Cambio de estado,"Staff Management and HR Records, Employment, History"
Confirmed still working,Confirmación de que sigue trabajando,"Staff Management and HR Records, Employment, History"
Employment updated.,Empleo actualizado.,"Staff Management, the employment windows, the notice after saving"
Reason recorded.,Motivo registrado.,"Staff Management, Record the reason, the notice after saving"
End the employment of {0}? Every site they are assigned to ends with it.,¿Terminar el empleo de {0}? También terminan todas sus asignaciones a sitios.,"Staff Management, End employment, the window"
"Put {0} on leave? They cannot sign in while on leave, and they keep their sites.",¿Poner a {0} en licencia? No podrá iniciar sesión mientras esté en licencia y conserva sus sitios.,"Staff Management, Put on leave, the window"
Bring {0} back from leave? They can sign in again.,¿Regresar a {0} de la licencia? Podrá iniciar sesión de nuevo.,"Staff Management, Return from leave, the window"
"Rehire {0}? They can sign in again, and their history stays.",¿Recontratar a {0}? Podrá iniciar sesión de nuevo y su historial se conserva.,"Staff Management, Rehire, the window"
This records the reason {0} left. Their status and sites do not change.,Esto registra el motivo por el que {0} se fue. Su estado y sus sitios no cambian.,"Staff Management, Record the reason, an ended employment"
This records the reason {0} is on leave. Their status and sites do not change.,Esto registra el motivo por el que {0} está en licencia. Su estado y sus sitios no cambian.,"Staff Management, Record the reason, a person on leave"
"Record the termination letter in HR Records, under Disciplinary.","Registre la carta de despido en Expedientes de personal, en Disciplinario.","Staff Management, End employment for a person let go, a line in the window"
Open in HR Records,Abrir en Expedientes de personal,"Staff Management, End employment, a link"
Open in Staff Management,Abrir en Gestión de personal,"HR Records, a person's folder, Employment, a link"
Choose a reason,Elija un motivo,"Staff Management, the employment windows, the reason list"
Choose,Elija,"Staff Management, End employment, Eligible for rehire?; a warning, its category; Add to the record, its step"
Expected return,Regreso previsto,"Staff Management, Put on leave, a field"
Expected back {0},Regreso previsto: {0},"Staff Management and HR Records, Employment, a person on leave"
Last day {0},Último día: {0},"Staff Management and HR Records, Employment, an ended employment"
New hire date,Nueva fecha de contratación,"Staff Management, Rehire, a field"
Optional.,Opcional.,"Staff Management, the employment windows, under a field"
Required for Other.,Obligatorio para Otro.,"Staff Management, the employment windows, under the note"
Recorded by {0} on {1},Registrado por {0} el {1},"Staff Management and HR Records, Employment, History"
Recorded on {0},Registrado el {0},"Staff Management and HR Records, Employment, History"
this person,esta persona,"Staff Management, the employment windows, when the name is missing"
Roster check,Revisión del personal,"Staff Management, a button and the page it opens"
Still working,Sigue trabajando,"Staff Management, Roster check, a row"
"Go through everyone: confirm who is still working and where, then put their records right.","Revise a todos: confirme quién sigue trabajando y dónde, y luego corrija sus registros.","Staff Management, Roster check, the line under the title"
{0} of {1} confirmed in the last 30 days,{0} de {1} confirmados en los últimos 30 días,"Staff Management, Roster check, the summary"
Not confirmed yet,Sin confirmar todavía,"Staff Management, Roster check, a filter"
Show ended,Mostrar empleos terminados,"Staff Management, Roster check, a checkbox"
Last shift,Último turno,"Staff Management, Roster check, a column and the export"
Last signed in,Último inicio de sesión,"Staff Management, Roster check, a column and the export"
Last confirmed,Última confirmación,"Staff Management, Roster check, a column and the export"
Confirmed by,Confirmado por,"Staff Management, Roster check, a column of the export"
Awaiting review,Pendiente de revisión,"Inspections, a tab"
Completed inspections with a review line still to sign. A row opens the inspection.,Inspecciones completadas con una línea de revisión sin firmar. Una fila abre la inspección.,"Inspections, Awaiting review, the line under the tab"
Nothing is waiting for review.,No hay nada pendiente de revisión.,"Inspections, Awaiting review, an empty list"
Review|inspection,Revisión,"Inspections, a filed inspection, the card of review lines"
Waiting for {0},Pendiente: {0},"Inspections, a filed inspection, a required review line not signed yet"
Issue a warning,Emitir una advertencia,"HR Records, a person's folder, Disciplinary; Cases, an open case"
Verbal warning,Advertencia verbal,"Disciplinary, Discipline and the warning window, a step"
Written warning,Advertencia por escrito,"Disciplinary, Discipline and the warning window, a step"
Final written warning,Advertencia final por escrito,"Disciplinary, Discipline and the warning window, a step"
Termination,Despido,"Disciplinary, Discipline and the warning window, a step"
Declined to sign,Se negó a firmar,"The warning window, a checkbox; Disciplinary, a warning in the history"
Discipline,Disciplina,The side panel and the page
Open a case,Abrir un caso,"Cases, a button and its window"
Disciplinary,Disciplinario,"HR Records, a person's folder, the card and a document category"
Original form,Formulario original,"HR Records, a person's folder, Disciplinary, a warning filed on the old form"
Add to the record,Agregar al registro,"HR Records, a person's folder, Disciplinary, a warning filed on the old form, a button and its window"
Added to the record.,Agregada al registro.,"Add to the record, the notice after saving"
"Filed on the old form, not on the record yet","Archivadas en el formulario anterior, aún sin registrar","HR Records, a person's folder, Disciplinary, under the history"
"A warning already given on the old form, entered on the record as it was, with no signature or delivery.","Una advertencia ya dada en el formulario anterior, registrada tal como fue, sin firma ni entrega.","Add to the record, the window"
Date given,Fecha en que se dio,"Add to the record, a field"
Step,Paso,"The warning window, Discipline and Add to the record, the step"
{0} may begin at any step.,{0} puede comenzar en cualquier paso.,"The warning window, under the step"
admins only,solo administradores,"The warning window, a step a supervisor cannot issue"
"A verbal warning is a note of the conversation, placed on the record. It takes no signatures.",Una advertencia verbal es una nota de la conversación que queda en el registro. No lleva firmas.,"The warning window, a verbal warning"
Counted over the last 12 months. The handbook sets no lookback.,Contadas en los últimos 12 meses. El manual no fija un período de revisión.,"HR Records, a person's folder, Disciplinary, under the counts"
Date of the incident,Fecha del incidente,"The warning window, a field; Discipline, a column"
What happened,Qué pasó,"The warning window and Open a case, a field"
Policy,Política,"The warning window, a field"
"Optional, for example a handbook section","Opcional, por ejemplo una sección del manual","The warning window, Policy, the hint"
What must change,Qué debe cambiar,"The warning window, a field"
By when,Para cuándo,"The warning window, a field"
Suspension from,Suspensión desde,"The warning window, a final written warning with a suspension"
Suspension to,Suspensión hasta,"The warning window, a final written warning with a suspension"
Does this follow a complaint or other protected activity by this person?,¿Esto ocurre después de una queja u otra actividad protegida de esta persona?,"The warning window, a question"
Discussed with the Controller on,Consultado con el Contralor el,"The warning window, a field when the answer above is Yes"
Leave out any medical detail.,No incluya ningún detalle médico.,"The warning window, a fixed line"
"If this person is covered by a union agreement, follow that agreement's procedure.","Si esta persona está cubierta por un convenio sindical, siga el procedimiento de ese convenio.","The warning window, a fixed line"
Language of the warning,Idioma de la advertencia,"The warning window, a field"
Save as draft,Guardar como borrador,"The warning window, a button"
Draft saved.,Borrador guardado.,"The warning window, the notice after saving"
The issuer signs,Firma quien la emite,"The warning window, Issue, a signature"
{0} signs,Firma {0},"The warning window, Issue, the person's signature"
The person,La persona,"The warning window, Issue, when the name is missing"
Signing confirms they received this warning. It does not mean they agree.,Al firmar confirma que recibió esta advertencia. No significa que esté de acuerdo.,"The warning window, Issue, above the person's signature"
Signed,Firmada,"The warning window, a signature drawn; Disciplinary and Discipline, a warning"
Sign again,Firmar de nuevo,"The warning window, a signature already drawn"
Witness,Testigo,"The warning window, a person who declined to sign"
Their account,Su versión,"The warning window, Issue, a field"
"Optional. What the person says, recorded on the warning.","Opcional. Lo que dice la persona, registrado en la advertencia.","The warning window, Their account, the hint"
Warning issued.,Advertencia emitida.,"The warning window, the notice after issuing"
Preview PDF,Vista previa del PDF,"The warning window, a button"
"The warning as the person receives it, on the company's letterhead.","La advertencia tal como la recibe la persona, con el membrete de la empresa.","The warning window, Preview PDF, the window"
Handed over in person,Entregada en persona,"The warning window, Send, a way; Discipline, a delivery"
Printed,Impresa,"The warning window, Send, a way; Discipline, a delivery"
Mailed,Enviada por correo postal,"The warning window, Send, a way; Discipline, a delivery"
"To their email on file, {0}, and any office address added.","A su correo registrado, {0}, y a cualquier dirección de la oficina que se agregue.","The warning window, Send by email"
"To their email on file, and any office address added.",A su correo registrado y a cualquier dirección de la oficina que se agregue.,"The warning window, Send by email, an address not shown"
Sent by email.,Enviada por correo electrónico.,"The warning window, after sending"
Recorded as {0}.,Registrada como {0}.,"The warning window, after recording how it was handed over"
Delivered,Entrega,"Discipline, a column and the export"
Rescind,Anular,"The warning window, a button for admins"
Why it is rescinded,Por qué se anula,"The warning window, Rescind, a field"
"The warning stays on the record, marked rescinded.","La advertencia queda en el registro, marcada como anulada.","The warning window, Rescind, the line above the field"
Warning rescinded.,Advertencia anulada.,"The warning window, the notice after rescinding"
Rescinded,Anulada,"Disciplinary and Discipline, a warning's status"
Rescinded: {0},Anulada: {0},"HR Records, a person's folder, Disciplinary, a rescinded warning"
Draft|warning,Borrador,"Disciplinary and Discipline, a warning's status"
Issued|warning,Emitida,"Disciplinary and Discipline, a warning's status"
Closed|warning,Cerrada,"Disciplinary and Discipline, a warning's status"
No warnings on record.,No hay advertencias registradas.,"HR Records, a person's folder, Disciplinary, no history"
"Every warning on record, newest first. A row opens the warning.","Todas las advertencias registradas, las más recientes primero. Una fila abre la advertencia.","Discipline, the line under the title for an admin"
"The warnings you issued, newest first. A row opens the warning.","Las advertencias que usted emitió, las más recientes primero. Una fila abre la advertencia.","Discipline, the line under the title for a supervisor"
Every step,Todos los pasos,"Discipline, a filter"
Every category,Todas las categorías,"Discipline, a filter"
Issued by,Emitida por,"Discipline, a filter, a column and the export"
Issued by anyone,Emitida por cualquiera,"Discipline, a filter for an admin"
From,Desde,"Discipline, the date range"
To,Hasta,"Discipline, the date range"
No warnings match.,Ninguna advertencia coincide.,"Discipline, an empty table"
About whom,Sobre quién,"Cases, Open a case, a field"
Optional. Choose a person,Opcional. Elija una persona,"Cases, Open a case, the hint"
On behalf of,En nombre de,"Cases, Open a case, a field"
Optional. A staff member who reported it in person,Opcional. Un empleado que lo informó en persona,"Cases, Open a case, On behalf of, the hint"
Is this about someone in management?,¿Se trata de alguien de la gerencia?,"Cases, Open a case, a question"
Assigned to,Asignado a,"Cases, Open a case, a field"
Case opened.,Caso abierto.,"Cases, Open a case, the notice after saving"
Enter the code we emailed to {0},Escriba el código que enviamos a {0},"Sign-in, the code screen"
Enter the code we emailed to you.,Escriba el código que le enviamos por correo.,"Sign-in, the code screen, when the address is not shown"
Verify,Verificar,"Sign-in, the code screen, a button"
Checking...,Verificando...,"Sign-in, the code screen, while the code is checked"
Send a new code,Enviar un código nuevo,"Sign-in, the code screen, a button"
We sent a new code.,Enviamos un código nuevo.,"Sign-in, the code screen, after Send a new code"
Remember this device for 30 days,Recordar este dispositivo por 30 días,"Sign-in, the code screen, a checkbox"
Trusted devices,Dispositivos de confianza,"Settings, a tab"
A device you entered a sign-in code on is remembered for 30 days. Any other device asks for a code emailed to you.,Un dispositivo en el que escribió un código de inicio de sesión se recuerda por 30 días. Cualquier otro dispositivo pide un código enviado a su correo.,"Settings, Trusted devices, the line at the top"
Browser,Navegador,"Settings, Trusted devices, a column"
First seen,Visto por primera vez,"Settings, Trusted devices, a column"
Last seen,Visto por última vez,"Settings, Trusted devices, a column"
Remembered until,Recordado hasta,"Settings, Trusted devices, a column"
{0} on {1},{0} en {1},"Settings, Trusted devices, a browser and what it runs on"
Unknown browser,Navegador desconocido,"Settings, Trusted devices, a browser that cannot be read"
No devices are remembered.,No hay dispositivos recordados.,"Settings, Trusted devices, an empty list"
Forget all my devices,Olvidar todos mis dispositivos,"Settings, Trusted devices, a button"
Forget all your devices? Each one asks for a code at its next sign-in.,¿Olvidar todos sus dispositivos? Cada uno pedirá un código la próxima vez que inicie sesión.,"Settings, Trusted devices, the question before forgetting"
Forget this person's devices,Olvidar los dispositivos de esta persona,"Staff Management, an office account's profile, a button for the super admin"
Forget this person's devices? Each one asks for a code at its next sign-in.,¿Olvidar los dispositivos de esta persona? Cada uno pedirá un código la próxima vez que inicie sesión.,"Staff Management, Forget this person's devices, the question"
Devices forgotten.,Dispositivos olvidados.,"Settings and Staff Management, the notice after forgetting"
{0} clearance missing,Falta {0} autorización escolar,"Staff Management, Roster check, a person's clearances, when the count is one"
{0} clearances missing,Faltan {0} autorizaciones escolares,"Staff Management, Roster check, a person's clearances, when the count is more than one"
{0} try left,Le queda {0} intento,"Sign-in, the code screen, under a wrong code, when the count is one"
{0} tries left,Le quedan {0} intentos,"Sign-in, the code screen, under a wrong code, when the count is more than one"
Send a new code in {0} second,Enviar un código nuevo en {0} segundo,"Sign-in, the code screen, the button while it counts down, when the count is one"
Send a new code in {0} seconds,Enviar un código nuevo en {0} segundos,"Sign-in, the code screen, the button while it counts down, when the count is more than one"
Issue|warning,Emitir,"The warning window, the section and its button that issue the warning"
Workspace,Espacio de trabajo,The side panel and the page
Message Board,Tablero de mensajes,"Workspace, a project, a tool card and the tool"
To-dos,Pendientes,"Workspace, a project, a tool card and the tool"
Docs and Files,Documentos y archivos,"Workspace, a project, a tool card and the tool"
My assignments,Mis asignaciones,"Workspace, the top of the page"
New project,Nuevo proyecto,"Workspace, a button and its window"
Email me copies,Enviarme copias por correo,"Workspace, a project, a checkbox for a member"
Chat records,Registros del chat,"The side panel under Settings, and the page"
Every search here is recorded.,Cada búsqueda aquí queda registrada.,"Chat records, the line above the search"
"Each project keeps its posts, to-dos, chat and files in one place.","Cada proyecto guarda sus publicaciones, pendientes, chat y archivos en un solo lugar.","Workspace, the line under the title"
Projects,Proyectos,"Workspace, the heading over the cards"
Archived|projects,Archivados,"Workspace, the button that lists the archived projects"
Archived|post,Archivada,"Workspace, an archived post's badge"
Archived projects,Proyectos archivados,"Workspace, Archived, the title"
Back to Workspace,Volver al espacio de trabajo,"Workspace, a project and Archived"
Back to {0},Volver a {0},"Workspace, a tool or a post or a to-do, back to where it came from"
No projects yet. Start one with New project.,Todavía no hay proyectos. Empiece uno con Nuevo proyecto.,"Workspace, no projects"
No archived projects.,No hay proyectos archivados.,"Workspace, Archived, an empty list"
Last activity {0},Última actividad: {0},"Workspace, a project's card"
Edit project,Editar el proyecto,"Workspace, a project, Edit, the window"
Blue,Azul,"Workspace, a project's color"
Orange,Naranja,"Workspace, a project's color"
Red,Rojo,"Workspace, a project's color"
Purple,Morado,"Workspace, a project's color"
Teal,Verde azulado,"Workspace, a project's color"
Gold,Dorado,"Workspace, a project's color"
Gray,Gris,"Workspace, a project's color"
Members,Miembros,"Workspace, a project, a button and its window; New project, a field"
You are the owner of a project you start. Add the office people who work on it.,Usted es el propietario del proyecto que inicia. Agregue a las personas de la oficina que trabajan en él.,"Workspace, New project, the members"
Search people,Buscar personas,"Workspace, the people lists; Chat records, People"
you,usted,"Workspace, Members, the caller's own row"
Owner,Propietario,"Workspace, Members, a checkbox"
Start the project,Iniciar el proyecto,"Workspace, New project, the button"
"Members read and write everything in the project, and its chat follows them. Owners also rename it, change its members and archive it.","Los miembros leen y escriben todo en el proyecto, y su chat los sigue. Los propietarios además le cambian el nombre, cambian sus miembros y lo archivan.","Workspace, Members, the window"
A project needs at least one owner.,Un proyecto necesita al menos un propietario.,"Workspace, Members, with no owner ticked"
Project started.,Proyecto iniciado.,"Workspace, New project, the notice"
Project saved.,Proyecto guardado.,"Workspace, Edit, the notice"
Members saved.,Miembros guardados.,"Workspace, Members, the notice"
Project archived.,Proyecto archivado.,"Workspace, Archive, the notice"
Project brought back.,Proyecto restaurado.,"Workspace, Bring back, the notice"
"Archive this project? It moves to Archived, and nothing in it is deleted.",¿Archivar este proyecto? Pasa a Archivados y no se borra nada de él.,"Workspace, Archive, the question"
"This project is archived. It can be read, and nothing new can be added.","Este proyecto está archivado. Se puede leer, y no se puede agregar nada nuevo.","Workspace, an archived project"
Email copies on.,Copias por correo activadas.,"Workspace, Email me copies, the notice"
Email copies off.,Copias por correo desactivadas.,"Workspace, Email me copies, the notice"
"New posts, and comments on posts, also come to your email.",Las publicaciones nuevas y los comentarios en ellas también le llegan por correo.,"Workspace, Email me copies, under the checkbox"
Activity,Actividad,"Workspace, a project, under the tool cards"
Activity did not load.,La actividad no se cargó.,"Workspace, a project, Activity"
Nothing has happened here yet.,Todavía no ha pasado nada aquí.,"Workspace, a project, Activity, empty"
Talk with the project's members. It opens in Messages.,Hable con los miembros del proyecto. Se abre en Mensajes.,"Workspace, a project, the Chat card with no messages"
This project's chat did not open.,El chat de este proyecto no se abrió.,"Workspace, a project, Chat, a notice"
Project chat,Chat del proyecto,"Messages, a project's channel in the list"
No posts yet.,Todavía no hay publicaciones.,"Workspace, Message Board, empty"
New post,Nueva publicación,"Workspace, Message Board, a button and its window"
Edit post,Editar la publicación,"Workspace, a post, Edit, the window"
"Plain text. Line breaks are kept, and web addresses become links.","Texto simple. Se conservan los saltos de línea, y las direcciones web se vuelven enlaces.","Workspace, New post, under the message"
Pin to the top,Fijar arriba,"Workspace, New post, a checkbox"
Pinned,Fijada,"Workspace, a pinned post's badge"
Post,Publicar,"Workspace, New post, the button"
Posted.,Publicado.,"Workspace, New post, the notice"
Post saved.,Publicación guardada.,"Workspace, Edit post, the notice"
Post archived.,Publicación archivada.,"Workspace, a post, Archive, the notice"
"Archive this post? It leaves the message board, and nothing is deleted.",¿Archivar esta publicación? Sale del tablero de mensajes y no se borra nada.,"Workspace, a post, Archive, the question"
edited,editado,"Workspace, a post or a comment changed after it was written"
Comment,Comentario,"Workspace, a comment being edited"
Add a comment,Agregar un comentario,"Workspace, a post or a to-do, the comment box"
Add comment,Agregar comentario,"Workspace, a post or a to-do, the button"
No one else is in this project.,No hay nadie más en este proyecto.,"Workspace, Tag someone, with no one else"
Remove this comment?,¿Quitar este comentario?,"Workspace, a comment, Remove, the question"
New list,Nueva lista,"Workspace, To-dos, a button and its window"
Add the list,Agregar la lista,"Workspace, New list, the button"
List added.,Lista agregada.,"Workspace, New list, the notice"
No lists yet. Start one with New list.,Todavía no hay listas. Empiece una con Nueva lista.,"Workspace, To-dos, no lists"
Nothing open on this list.,No hay nada pendiente en esta lista.,"Workspace, To-dos, a list with nothing open"
Hide the done ones,Ocultar los completados,"Workspace, To-dos, a list's done ones shown"
Add a to-do,Agregar un pendiente,"Workspace, To-dos, a list's button and its window"
Edit to-do,Editar el pendiente,"Workspace, a to-do, Edit, the window"
To-do,Pendiente,"Workspace, the to-do window, its title"
Add the to-do,Agregar el pendiente,"Workspace, Add a to-do, the button"
To-do added.,Pendiente agregado.,"Workspace, Add a to-do, the notice"
To-do saved.,Pendiente guardado.,"Workspace, Edit to-do, the notice"
No to-dos yet.,Todavía no hay pendientes.,"Workspace, a project, the To-dos card, empty"
Due {0},Vence el {0},"Workspace, a to-do's due day"
Overdue since {0},Vencido desde el {0},"Workspace, a late to-do, in red"
"Done by {0}, {1}","Completado por {0}, {1}","Workspace, a done to-do, who and when"
Done {0},Completado: {0},"Workspace, a done to-do when who is not known"
No one yet,Nadie todavía,"Workspace, a to-do assigned to no one"
No due date,Sin fecha límite,"Workspace, a to-do with no due day"
Added by,Agregado por,"Workspace, a to-do's page"
This to-do is not in the project.,Este pendiente no está en el proyecto.,"Workspace, a to-do's page, not found"
"The server does not list a to-do's comments yet. A comment added here is saved, and shows once it does.",El servidor todavía no muestra los comentarios de un pendiente. Un comentario agregado aquí se guarda y aparece cuando lo haga.,"Workspace, a to-do's page, before the API lists its comments"
Nothing is assigned to you.,No tiene nada asignado.,"Workspace, My assignments, empty"
Upload,Subir,"Workspace, Docs and Files, the button"
"Documents, images and PDFs, up to 25 MB each.","Documentos, imágenes y PDF, de hasta 25 MB cada uno.","Workspace, Docs and Files, the line under the title"
{0} is over 25 MB. Files up to 25 MB can be added.,{0} pasa de 25 MB. Se pueden agregar archivos de hasta 25 MB.,"Workspace, Docs and Files, a file too big, before it is sent"
No files yet.,Todavía no hay archivos.,"Workspace, Docs and Files, empty"
File added.,Archivo agregado.,"Workspace, Upload, the notice"
File removed.,Archivo quitado.,"Workspace, a file, Remove, the notice"
Remove {0} from the project?,¿Quitar {0} del proyecto?,"Workspace, a file, Remove, the question"
{0} KB,{0} KB,"Workspace, a file's size"
{0} MB,{0} MB,"Workspace, a file's size"
Channel,Canal,"Chat records, a filter and a column"
Every channel,Todos los canales,"Chat records, the channel filter"
Words,Palabras,"Chat records, a filter"
Search,Buscar,"Chat records, the button"
Searching...,Buscando...,"Chat records, while it searches"
Preparing...,Preparando...,"Chat records, while the PDF is made"
Sender,Remitente,"Chat records, a column"
No messages match.,Ningún mensaje coincide.,"Chat records, no results"
"Only the first 2,000 are shown. Narrow the search to see the rest.","Solo se muestran los primeros 2,000. Acote la búsqueda para ver el resto.","Chat records, more than 2,000 results"
Searches recorded,Búsquedas registradas,"Chat records, the log's title"
No searches yet.,Todavía no hay búsquedas.,"Chat records, the log, empty"
The record of searches did not load.,El registro de búsquedas no se cargó.,"Chat records, the log, not read"
searched,buscó,"Chat records, the log, after a name"
downloaded a PDF,descargó un PDF,"Chat records, the log, after a name"
Everything,Todo,"Chat records, the log, a search with no filters"
{0} comment,{0} comentario,"Workspace, a post or a to-do, its comments, when the count is one"
{0} comments,{0} comentarios,"Workspace, a post or a to-do, its comments, when the count is more than one"
{0} member,{0} miembro,"Workspace, a project, its members, when the count is one"
{0} members,{0} miembros,"Workspace, a project, its members, when the count is more than one"
{0} message,{0} mensaje,"Chat records, the results and the log, when the count is one"
{0} messages,{0} mensajes,"Chat records, the results and the log, when the count is more than one"
{0} open,{0} pendiente,"Workspace, the open to-dos of a project or a list, when the count is one"
{0} open,{0} pendientes,"Workspace, the open to-dos of a project or a list, when the count is more than one"
{0} done,{0} completado,"Workspace, To-dos, a list's done ones folded, when the count is one"
{0} done,{0} completados,"Workspace, To-dos, a list's done ones folded, when the count is more than one"
Green|color,Verde,"Workspace, a project color"
Kept records,Registros conservados,"Reports, Kept records, the cards and the view"
Master Zone Cleaning Checklist,Lista de verificación maestra de limpieza por zona,"Reports, Kept records, the cards and the view"
Disinfection Coverage Log,Registro de cobertura de desinfección,"Reports, Kept records, the cards and the view"
Chemical Usage Log,Registro de uso de productos químicos,"Reports, Kept records, the cards and the view"
PPE Compliance Log,Registro de cumplimiento de EPP,"Reports, Kept records, the cards and the view"
School Clearance Tracking Record,Registro de seguimiento de autorizaciones escolares,"Reports, Kept records, the cards and the view"
Training Attendance Roster,Lista de asistencia a la capacitación,"Reports, Kept records, the cards and the view"
Supervisor Inspection Report,Informe de inspección del supervisor,"Reports, Kept records, the cards and the view"
Quality Assurance Audit Inspection,Inspección de auditoría de control de calidad,"Reports, Kept records, the cards and the view"
"Each zone's checklist for each day, from the site's checklist.","La lista de cada zona para cada día, tomada de la lista de verificación del sitio.","Reports, Kept records, the cards and the view"
"The touchpoints on each day's checklist, treated or not.","Los puntos de contacto frecuente de la lista de cada día, tratados o no.","Reports, Kept records, the cards and the view"
"Every chemical logged at the site, a log for each month.","Cada producto químico registrado en el sitio, un registro por mes.","Reports, Kept records, the cards and the view"
"The equipment issued and signed for, and the site's stock, a log for each month.","El equipo entregado y firmado, y las existencias del sitio, un registro por mes.","Reports, Kept records, the cards and the view"
"Everyone at the site and their clearances, as of today.","Todas las personas del sitio y sus autorizaciones, a la fecha de hoy.","Reports, Kept records, the cards and the view"
"Every inspection completed in the range, each on its own page.","Cada inspección completada en el rango, cada una en su propia página.","Reports, Kept records, the cards and the view"
A roster for each training session at the site in the range.,Una lista por cada sesión de capacitación en el sitio dentro del rango.,"Reports, Kept records, the cards and the view"
Pick a site...,Elija un sitio...,"Reports, Kept records, the cards and the view"
Pick a site to print its record.,Elija un sitio para imprimir su registro.,"Reports, Kept records, the cards and the view"
As of {0},Al {0},"Reports, Kept records, the cards and the view"
At most {0} days at a time.,Como máximo {0} días a la vez.,"Reports, Kept records, the cards and the view"
Nothing to print for this site in this range.,No hay nada que imprimir para este sitio en este rango.,"Reports, Kept records, the cards and the view"
Allow pop-ups to print,Permita las ventanas emergentes para imprimir,"Reports, Kept records, the cards and the view"
Printed on {0},Impreso el {0},"Every kept record's printed page, its head"
Print the tracking record,Imprimir el registro de seguimiento,"Clearances, the button that prints the site's tracking record"
Zone Details,Datos de la zona,"Kept records, the printed forms, a section heading"
Before You Start,Antes de empezar,"Kept records, the printed forms, a section heading"
Daily Tasks,Tareas diarias,"Kept records, the printed forms, a section heading"
Weekly and Periodic Tasks,Tareas semanales y periódicas,"Kept records, the printed forms, a section heading"
Restroom Detail,Detalle de baños,"Kept records, the printed forms, a section heading"
Anything Not Done,Lo que no se hizo,"Kept records, the printed forms, a section heading"
Found and Reported,Hallado y reportado,"Kept records, the printed forms, a section heading"
Close of Zone,Cierre de la zona,"Kept records, the printed forms, a section heading"
Sign-Off,Firmas,"Kept records, the printed forms, a section heading"
Log Details,Datos del registro,"Kept records, the printed forms, a section heading"
Response Level,Nivel de respuesta,"Kept records, the printed forms, a section heading"
Critical Touchpoints,Puntos de contacto críticos,"Kept records, the printed forms, a section heading"
Standard Touchpoints and Shared Surfaces,Puntos de contacto estándar y superficies compartidas,"Kept records, the printed forms, a section heading"
Whole-Room Treatment,Tratamiento de toda la sala,"Kept records, the printed forms, a section heading"
Items Not Treated,Elementos no tratados,"Kept records, the printed forms, a section heading"
Verification,Verificación,"Kept records, the printed forms, a section heading"
Sign-Off and Filing,Firmas y archivo,"Kept records, the printed forms, a section heading"
Daily Usage Log,Registro de uso diario,"Kept records, the printed forms, a section heading"
Monthly Stock Position,Situación mensual de existencias,"Kept records, the printed forms, a section heading"
Observations,Observaciones,"Kept records, the printed forms, a section heading"
Standard List Compliance,Cumplimiento de la lista estándar,"Kept records, the printed forms, a section heading"
Site and Period,Sitio y período,"Kept records, the printed forms, a section heading"
Equipment Issue Record,Registro de entrega de equipo,"Kept records, the printed forms, a section heading"
Stock Check,Revisión de existencias,"Kept records, the printed forms, a section heading"
Compliance Observation,Observación de cumplimiento,"Kept records, the printed forms, a section heading"
"Shortages, Reactions and Actions","Faltantes, reacciones y acciones","Kept records, the printed forms, a section heading"
Tracking Grid,Cuadro de seguimiento,"Kept records, the printed forms, a section heading"
Monthly Review,Revisión mensual,"Kept records, the printed forms, a section heading"
Session Details,Datos de la sesión,"Kept records, the printed forms, a section heading"
Trainer,Instructor,"Kept records, the printed forms, a section heading"
Attendance,Asistencia,"Kept records, the printed forms, a section heading"
Trainer Attestation,Declaración del instructor,"Kept records, the printed forms, a section heading"
Date and Shift,Fecha y turno,"Kept records, the printed forms, a field or a column"
Cleaner,Limpiador,"Kept records, the printed forms, a field or a column"
Crew Lead,Jefe de cuadrilla,"Kept records, the printed forms, a field or a column"
Scope of Work Reference,Referencia del alcance de trabajo,"Kept records, the printed forms, a field or a column"
Check,Comprobación,"Kept records, the printed forms, a field or a column"
Area or Room,Área o sala,"Kept records, the printed forms, a field or a column"
Initials,Iniciales,"Kept records, the printed forms, a field or a column"
Restroom Task,Tarea de baño,"Kept records, the printed forms, a field or a column"
Area,Área,"Kept records, the printed forms, a field or a column"
Reported To,Reportado a,"Kept records, the printed forms, a field or a column"
Found,Hallazgo,"Kept records, the printed forms, a field or a column"
"Detail, Location and Who Was Informed","Detalle, ubicación y a quién se informó","Kept records, the printed forms, a field or a column"
Product in Use,Producto en uso,"Kept records, the printed forms, a field or a column"
Registration Number,Número de registro,"Kept records, the printed forms, a field or a column"
Label Contact Time,Tiempo de contacto de la etiqueta,"Kept records, the printed forms, a field or a column"
Site Touchpoint List Reference,Referencia de la lista de puntos de contacto del sitio,"Kept records, the printed forms, a field or a column"
Number of Items on the List,Número de elementos de la lista,"Kept records, the printed forms, a field or a column"
Level Today,Nivel de hoy,"Kept records, the printed forms, a field or a column"
"Level 1, Standard","Nivel 1, estándar","Kept records, the printed forms, a field or a column"
"Level 2, Heightened","Nivel 2, elevado","Kept records, the printed forms, a field or a column"
"Level 3, Outbreak","Nivel 3, brote","Kept records, the printed forms, a field or a column"
Level Set By,Nivel fijado por,"Kept records, the printed forms, a field or a column"
Date the Level Was Set,Fecha en que se fijó el nivel,"Kept records, the printed forms, a field or a column"
Affected Areas,Áreas afectadas,"Kept records, the printed forms, a field or a column"
Touchpoint Item,Punto de contacto,"Kept records, the printed forms, a field or a column"
Location,Ubicación,"Kept records, the printed forms, a field or a column"
Pass 1,Pasada 1,"Kept records, the printed forms, a field or a column"
Pass 2,Pasada 2,"Kept records, the printed forms, a field or a column"
Surfaces Treated,Superficies tratadas,"Kept records, the printed forms, a field or a column"
Contact Time Held,Tiempo de contacto respetado,"Kept records, the printed forms, a field or a column"
Reason Inaccessible,Motivo por el que no hubo acceso,"Kept records, the printed forms, a field or a column"
Product Identifier,Identificador del producto,"Kept records, the printed forms, a field or a column"
Dilution Used,Dilución usada,"Kept records, the printed forms, a field or a column"
Area or Task,Área o tarea,"Kept records, the printed forms, a field or a column"
Quantity Used,Cantidad usada,"Kept records, the printed forms, a field or a column"
Month and Year,Mes y año,"Kept records, the printed forms, a field or a column"
Janitorial Closet Location,Ubicación del cuarto de limpieza,"Kept records, the printed forms, a field or a column"
Site Listing Reference,Referencia de la lista del sitio,"Kept records, the printed forms, a field or a column"
Number of Products on the Site Listing,Número de productos en la lista del sitio,"Kept records, the printed forms, a field or a column"
Opening Stock,Existencia inicial,"Kept records, the printed forms, a field or a column"
Used,Usado,"Kept records, the printed forms, a field or a column"
Closing Stock,Existencia final,"Kept records, the printed forms, a field or a column"
Reorder Needed,Hace falta reordenar,"Kept records, the printed forms, a field or a column"
Physical Count Performed By,Conteo físico hecho por,"Kept records, the printed forms, a field or a column"
Discrepancies Found,Diferencias halladas,"Kept records, the printed forms, a field or a column"
Reorder Placed,Pedido hecho,"Kept records, the printed forms, a field or a column"
Observation,Observación,"Kept records, the printed forms, a field or a column"
Detail and Action,Detalle y acción,"Kept records, the printed forms, a field or a column"
Products Used This Month On the Standard List,Productos de la lista estándar usados este mes,"Kept records, the printed forms, a field or a column"
Products Used Outside the Standard List,Productos usados fuera de la lista estándar,"Kept records, the printed forms, a field or a column"
Proportion of Total Usage On the Standard List,Proporción del uso total en la lista estándar,"Kept records, the printed forms, a field or a column"
Substitutions Proposed,Sustituciones propuestas,"Kept records, the printed forms, a field or a column"
Crew Size This Period,Tamaño de la cuadrilla en este período,"Kept records, the printed forms, a field or a column"
Hazard Assessment Reference,Referencia de la evaluación de riesgos,"Kept records, the printed forms, a field or a column"
Item Issued,Artículo entregado,"Kept records, the printed forms, a field or a column"
Qty,Cant.,"Kept records, the printed forms, a field or a column"
Fit OK,Le queda bien,"Kept records, the printed forms, a field or a column"
Item and Size,Artículo y talla,"Kept records, the printed forms, a field or a column"
On Hand,En existencia,"Kept records, the printed forms, a field or a column"
Minimum,Mínimo,"Kept records, the printed forms, a field or a column"
Sizes That Must Be Held,Tallas que deben tenerse,"Kept records, the printed forms, a field or a column"
Task Observed,Tarea observada,"Kept records, the printed forms, a field or a column"
Employees Observed,Empleados observados,"Kept records, the printed forms, a field or a column"
Wearing Required Equipment,Usan el equipo requerido,"Kept records, the printed forms, a field or a column"
Issue Reported,Problema reportado,"Kept records, the printed forms, a field or a column"
Action Taken,Acción tomada,"Kept records, the printed forms, a field or a column"
Closed,Cerrado,"Kept records, the printed forms, a field or a column"
Work Stopped for Missing Equipment,Trabajo detenido por falta de equipo,"Kept records, the printed forms, a field or a column"
Equipment Failures,Fallas del equipo,"Kept records, the printed forms, a field or a column"
Skin Reactions or Discomfort Reported,Reacciones en la piel o molestias reportadas,"Kept records, the printed forms, a field or a column"
Fit Problems,Problemas de ajuste,"Kept records, the printed forms, a field or a column"
Referred to Hazard Reassessment,Enviado a nueva evaluación de riesgos,"Kept records, the printed forms, a field or a column"
Act 34 Issued,"Act 34, emitida","Kept records, the printed forms, a field or a column"
Act 34 Expires,"Act 34, vence","Kept records, the printed forms, a field or a column"
Act 151 Issued,"Act 151, emitida","Kept records, the printed forms, a field or a column"
Act 151 Expires,"Act 151, vence","Kept records, the printed forms, a field or a column"
Act 114 Issued,"Act 114, emitida","Kept records, the printed forms, a field or a column"
Act 114 Expires,"Act 114, vence","Kept records, the printed forms, a field or a column"
Act 168 Complete,"Act 168, completa","Kept records, the printed forms, a field or a column"
Training Expires,Vence la capacitación,"Kept records, the printed forms, a field or a column"
Meaning,Significado,"Kept records, the printed forms, a field or a column"
Review month,Mes de la revisión,"Kept records, the printed forms, a field or a column"
Reviewed by,Revisado por,"Kept records, the printed forms, a field or a column"
Date reviewed,Fecha de revisión,"Kept records, the printed forms, a field or a column"
Employees in Notice or worse,Empleados en Aviso o peor,"Kept records, the printed forms, a field or a column"
Actions taken,Acciones tomadas,"Kept records, the printed forms, a field or a column"
Training Title or Topic,Título o tema de la capacitación,"Kept records, the printed forms, a field or a column"
Related Document No.,Número de documento relacionado,"Kept records, the printed forms, a field or a column"
Start Time / End Time,Hora de inicio / hora de fin,"Kept records, the printed forms, a field or a column"
Site or Location,Sitio o lugar,"Kept records, the printed forms, a field or a column"
Delivery Method,Forma de impartirla,"Kept records, the printed forms, a field or a column"
Language(s) Delivered In,Idioma(s) en que se impartió,"Kept records, the printed forms, a field or a column"
Translation Method,Forma de traducción,"Kept records, the printed forms, a field or a column"
Understanding Verified By,Comprensión verificada por,"Kept records, the printed forms, a field or a column"
Materials or Equipment Used,Materiales o equipo usados,"Kept records, the printed forms, a field or a column"
Trainer Name,Nombre del instructor,"Kept records, the printed forms, a field or a column"
Trainer Role,Cargo del instructor,"Kept records, the printed forms, a field or a column"
Qualification Held,Calificación que tiene,"Kept records, the printed forms, a field or a column"
Trainer Signature,Firma del instructor,"Kept records, the printed forms, a field or a column"
Employee Name (print),Nombre del empleado (en letra de molde),"Kept records, the printed forms, a field or a column"
Understood,Entendido,"Kept records, the printed forms, a field or a column"
Total attendees this session,Total de asistentes en esta sesión,"Kept records, the printed forms, a field or a column"
Treated,Tratado,"Kept records, the printed forms, a field or a column"
Name and Signature,Nombre y firma,"Kept records, the printed forms, the sign-off"
Zone complete as recorded above,Zona completa como se registró arriba,"Kept records, the printed forms, the sign-off"
Received and carried into OCSA-FRM-005,Recibido y pasado al OCSA-FRM-005,"Kept records, the printed forms, the sign-off"
The worker at the site,El trabajador en el sitio,"Kept records, the printed forms, the sign-off"
Reviewed By,Revisado por,"Kept records, the printed forms, the sign-off"
Level 3 Reviewed By,Nivel 3 revisado por,"Kept records, the printed forms, the sign-off"
Field Lead,Jefe de campo,"Kept records, the printed forms, the sign-off"
Site supervisor,Supervisor del sitio,"Kept records, the printed forms, the sign-off"
Filed By,Archivado por,"Kept records, the printed forms, the sign-off"
Controller,Contralor,"Kept records, the printed forms, the sign-off"
Every attendee signs their own line. A supervisor may not sign on an employee's behalf.,Cada asistente firma su propia línea. Un supervisor no puede firmar en nombre de un empleado.,"Kept records, the printed forms, the sign-off"
"I confirm that I delivered the training described in Section 1, that each person listed in Section 3 attended for the full duration, and that the session was delivered in a format and language each attendee was able to understand. I confirm that attendees had the opportunity to ask questions and that questions raised were answered.","Confirmo que impartí la capacitación descrita en la Sección 1, que cada persona de la Sección 3 asistió durante toda la sesión y que la sesión se impartió en un formato y un idioma que cada asistente podía entender. Confirmo que los asistentes tuvieron la oportunidad de hacer preguntas y que se respondieron las preguntas que hicieron.","Kept records, the printed forms, the sign-off"
Clear|clearance band,Al día,"Kept records, the clearance tracking record, a status and its meaning"
Notice|clearance band,Aviso,"Kept records, the clearance tracking record, a status and its meaning"
Follow up|clearance band,Seguimiento,"Kept records, the clearance tracking record, a status and its meaning"
At risk|clearance band,En riesgo,"Kept records, the clearance tracking record, a status and its meaning"
Expired|clearance band,Vencida,"Kept records, the clearance tracking record, a status and its meaning"
All clearances current with more than 120 days remaining,Todas las autorizaciones vigentes con más de 120 días restantes,"Kept records, the clearance tracking record, a status and its meaning"
120 days or fewer to the earliest expiry,120 días o menos para el primer vencimiento,"Kept records, the clearance tracking record, a status and its meaning"
60 days or fewer,60 días o menos,"Kept records, the clearance tracking record, a status and its meaning"
30 days or fewer,30 días o menos,"Kept records, the clearance tracking record, a status and its meaning"
Any clearance past its date,Cualquier autorización vencida,"Kept records, the clearance tracking record, a status and its meaning"
None,Ninguna,"Kept records, the clearance tracking record, a status and its meaning"
Written renewal notice issued to the employee,Aviso de renovación por escrito entregado al empleado,"Kept records, the clearance tracking record, a status and its meaning"
Second notice. Field Lead informed,Segundo aviso. Se informa al jefe de campo,"Kept records, the clearance tracking record, a status and its meaning"
Replacement coverage planned for that site,Se planifica la cobertura de reemplazo para ese sitio,"Kept records, the clearance tracking record, a status and its meaning"
Employee removed from school sites the same day,El empleado sale de los sitios escolares el mismo día,"Kept records, the clearance tracking record, a status and its meaning"
"Closet unlocked, and secured again behind you","Cuarto abierto, y cerrado de nuevo al salir","Kept records, the printed checklist, a check to complete by hand"
Cart stocked for the whole zone,Carrito surtido para toda la zona,"Kept records, the printed checklist, a check to complete by hand"
Wet floor signs on the cart,Letreros de piso mojado en el carrito,"Kept records, the printed checklist, a check to complete by hand"
Cloths in the correct color for each area type,Paños del color correcto para cada tipo de área,"Kept records, the printed checklist, a check to complete by hand"
"Dilution station working, and containers labeled","Estación de dilución funcionando, y envases etiquetados","Kept records, the printed checklist, a check to complete by hand"
Protective equipment for the tasks in this zone,Equipo de protección para las tareas de esta zona,"Kept records, the printed checklist, a check to complete by hand"
"Vacuum or machine checked, cord along its full length","Aspiradora o máquina revisada, el cable en todo su largo","Kept records, the printed checklist, a check to complete by hand"
"Zone walked, and anything unusual noted before starting","Zona recorrida, y todo lo inusual anotado antes de empezar","Kept records, the printed checklist, a check to complete by hand"
"Toilets and urinals cleaned and disinfected, contact time held","Inodoros y urinarios limpios y desinfectados, con el tiempo de contacto respetado","Kept records, the printed checklist, a check to complete by hand"
"Sinks, counters and faucets cleaned and disinfected","Lavamanos, mostradores y llaves limpios y desinfectados","Kept records, the printed checklist, a check to complete by hand"
"Mirrors cleaned, no streaks in the light","Espejos limpios, sin rayas a la luz","Kept records, the printed checklist, a check to complete by hand"
"Partitions, doors and latches wiped on both faces","Divisiones, puertas y pestillos limpiados por ambos lados","Kept records, the printed checklist, a check to complete by hand"
"Dispensers restocked, tissue, towels and soap","Dispensadores surtidos, papel, toallas y jabón","Kept records, the printed checklist, a check to complete by hand"
"Waste and sanitary units emptied, wiped and relined","Basureros y recipientes sanitarios vaciados, limpiados y con bolsa nueva","Kept records, the printed checklist, a check to complete by hand"
Floor swept and damp mopped with disinfectant,Piso barrido y trapeado con desinfectante,"Kept records, the printed checklist, a check to complete by hand"
Behind fixtures and in corners checked,Revisado detrás de los aparatos y en las esquinas,"Kept records, the printed checklist, a check to complete by hand"
Touchpoints disinfected on the way out,Puntos de contacto desinfectados al salir,"Kept records, the printed checklist, a check to complete by hand"
Wet floor signs left until the floor is dry,Letreros de piso mojado puestos hasta que se seque el piso,"Kept records, the printed checklist, a check to complete by hand"
Damage to the building or its contents,Daños al edificio o a su contenido,"Kept records, the printed checklist, a check to complete by hand"
"Spill, leak or standing water","Derrame, fuga o agua estancada","Kept records, the printed checklist, a check to complete by hand"
Sharps or broken glass,Objetos punzantes o vidrio roto,"Kept records, the printed checklist, a check to complete by hand"
Blood or body fluid,Sangre o fluidos corporales,"Kept records, the printed checklist, a check to complete by hand"
Unlabeled or unknown container,Envase sin etiqueta o desconocido,"Kept records, the printed checklist, a check to complete by hand"
Equipment fault,Falla de un equipo,"Kept records, the printed checklist, a check to complete by hand"
Supply running out,Suministro por agotarse,"Kept records, the printed checklist, a check to complete by hand"
"Door, window or closet found insecure","Puerta, ventana o cuarto encontrado sin seguro","Kept records, the printed checklist, a check to complete by hand"
Anything else worth reporting,Cualquier otra cosa que valga la pena reportar,"Kept records, the printed checklist, a check to complete by hand"
Wet floor signs collected once floors were dry,Letreros de piso mojado recogidos al secarse los pisos,"Kept records, the printed checklist, a check to complete by hand"
"Waste removed to the collection point, streams kept separate","Basura llevada al punto de recolección, con los tipos separados","Kept records, the printed checklist, a check to complete by hand"
"Equipment cleaned, emptied and stored","Equipo limpio, vaciado y guardado","Kept records, the printed checklist, a check to complete by hand"
Mop heads and cloths in the laundry bag,Cabezas de trapeador y paños en la bolsa de lavandería,"Kept records, the printed checklist, a check to complete by hand"
Cart restocked for the next shift,Carrito surtido para el siguiente turno,"Kept records, the printed checklist, a check to complete by hand"
"Closet left clean, orderly and secured","Cuarto limpio, ordenado y cerrado","Kept records, the printed checklist, a check to complete by hand"
Containers closed and labeled,Envases cerrados y etiquetados,"Kept records, the printed checklist, a check to complete by hand"
"Lights, doors and access left as the site requires","Luces, puertas y accesos como lo pide el sitio","Kept records, the printed checklist, a check to complete by hand"
"Method used, surface test or marker check","Método usado, prueba de superficie o marcador","Kept records, the printed coverage log, the verification to complete by hand"
Number of touchpoints sampled,Número de puntos de contacto revisados,"Kept records, the printed coverage log, the verification to complete by hand"
Number passing,Número que pasa,"Kept records, the printed coverage log, the verification to complete by hand"
"Items failing, and where","Elementos que no pasan, y dónde","Kept records, the printed coverage log, the verification to complete by hand"
"Retraining raised, with the OCSA-FRM-033 reference","Nueva capacitación pedida, con la referencia OCSA-FRM-033","Kept records, the printed coverage log, the verification to complete by hand"
Repeat check date and result,Fecha y resultado de la nueva revisión,"Kept records, the printed coverage log, the verification to complete by hand"
Spills or releases this month,Derrames o escapes este mes,"Kept records, the printed usage log, an observation to complete by hand"
"Reactions, fumes or odors reported","Reacciones, vapores u olores reportados","Kept records, the printed usage log, an observation to complete by hand"
Damaged or missing container labels,Etiquetas de envases dañadas o faltantes,"Kept records, the printed usage log, an observation to complete by hand"
Unlabeled or unknown containers found,Envases sin etiqueta o desconocidos hallados,"Kept records, the printed usage log, an observation to complete by hand"
Products used at a dilution other than the label rate,Productos usados con una dilución distinta a la de la etiqueta,"Kept records, the printed usage log, an observation to complete by hand"
Products found on site that are absent from the site listing,Productos hallados en el sitio que no están en la lista del sitio,"Kept records, the printed usage log, an observation to complete by hand"
Employee complaints about a product,Quejas de empleados sobre un producto,"Kept records, the printed usage log, an observation to complete by hand"
Safety data sheets missing from the binder,Hojas de datos de seguridad que faltan en la carpeta,"Kept records, the printed usage log, an observation to complete by hand"
Disposable nitrile gloves,Guantes de nitrilo desechables,"Kept records, the printed PPE log, an item whose sizes are held"
Reusable forearm length gloves,Guantes reutilizables hasta el antebrazo,"Kept records, the printed PPE log, an item whose sizes are held"
Puncture resistant gloves,Guantes resistentes a pinchazos,"Kept records, the printed PPE log, an item whose sizes are held"
Safety glasses meeting ANSI Z87.1,Lentes de seguridad que cumplen ANSI Z87.1,"Kept records, the printed PPE log, an item whose sizes are held"
Chemical splash goggles,Gafas contra salpicaduras químicas,"Kept records, the printed PPE log, an item whose sizes are held"
"Aprons, gowns and coveralls","Delantales, batas y overoles","Kept records, the printed PPE log, an item whose sizes are held"
Hearing protection,Protección auditiva,"Kept records, the printed PPE log, an item whose sizes are held"
PPE issued,EPP entregado,"HR Records, a person's folder, and Sites, the Supplies tab: PPE issued and its window"
Issue PPE,Entregar EPP,"HR Records, a person's folder, and Sites, the Supplies tab: PPE issued and its window"
"Protective equipment this person was given, each signed for when it was handed over.","El equipo de protección que se le entregó a esta persona, cada uno firmado al recibirlo.","HR Records, a person's folder, and Sites, the Supplies tab: PPE issued and its window"
"Protective equipment given out at this site, each signed for when it was handed over.","El equipo de protección entregado en este sitio, cada uno firmado al recibirlo.","HR Records, a person's folder, and Sites, the Supplies tab: PPE issued and its window"
Nothing issued yet.,Todavía no se ha entregado nada.,"HR Records, a person's folder, and Sites, the Supplies tab: PPE issued and its window"
Fits well,Le queda bien,"HR Records, a person's folder, and Sites, the Supplies tab: PPE issued and its window"
Does not fit,No le queda bien,"HR Records, a person's folder, and Sites, the Supplies tab: PPE issued and its window"
PPE issue saved.,Entrega de EPP guardada.,"HR Records, a person's folder, and Sites, the Supplies tab: PPE issued and its window"
"Something else, typed","Otra cosa, escrita","HR Records, a person's folder, and Sites, the Supplies tab: PPE issued and its window"
What was issued,Qué se entregó,"HR Records, a person's folder, and Sites, the Supplies tab: PPE issued and its window"
Size,Talla,"HR Records, a person's folder, and Sites, the Supplies tab: PPE issued and its window"
Fits well?,¿Le queda bien?,"HR Records, a person's folder, and Sites, the Supplies tab: PPE issued and its window"
{0} signs for what they received,{0} firma lo que recibió,"HR Records, a person's folder, and Sites, the Supplies tab: PPE issued and its window"
The person signs for what they received,La persona firma lo que recibió,"HR Records, a person's folder, and Sites, the Supplies tab: PPE issued and its window"
Add equipment,Agregar equipo,"Equipment, the register, an item's page and its windows"
"Every machine and tool on the register, where it is and when it is next serviced. A row opens the item.","Cada máquina y herramienta del registro, dónde está y cuándo le toca el próximo servicio. Una fila abre el artículo.","Equipment, the register, an item's page and its windows"
Every status,Todos los estados,"Equipment, the register, an item's page and its windows"
Service due,Servicio pendiente,"Equipment, the register, an item's page and its windows"
Tick items to print their labels.,Marque artículos para imprimir sus etiquetas.,"Equipment, the register, an item's page and its windows"
Print labels,Imprimir etiquetas,"Equipment, the register, an item's page and its windows"
Print labels ({0}),Imprimir etiquetas ({0}),"Equipment, the register, an item's page and its windows"
Tick {0} for labels,Marcar {0} para etiquetas,"Equipment, the register, an item's page and its windows"
Next service,Próximo servicio,"Equipment, the register, an item's page and its windows"
Latest event,Último evento,"Equipment, the register, an item's page and its windows"
Nothing matches these filters.,Nada coincide con estos filtros.,"Equipment, the register, an item's page and its windows"
No equipment on the register yet.,Todavía no hay equipo en el registro.,"Equipment, the register, an item's page and its windows"
Equipment added.,Equipo agregado.,"Equipment, the register, an item's page and its windows"
In service,En servicio,"Equipment, the register, an item's page and its windows"
Out of service,Fuera de servicio,"Equipment, the register, an item's page and its windows"
Retired|equipment,Dado de baja,"Equipment, the register, an item's page and its windows"
Checked|equipment,Revisado,"Equipment, the register, an item's page and its windows"
Serviced,Servicio hecho,"Equipment, the register, an item's page and its windows"
Repaired,Reparado,"Equipment, the register, an item's page and its windows"
Tagged out,Retirado de servicio,"Equipment, the register, an item's page and its windows"
Returned to service,Devuelto al servicio,"Equipment, the register, an item's page and its windows"
Moved|equipment,Trasladado,"Equipment, the register, an item's page and its windows"
Record service,Registrar servicio,"Equipment, the register, an item's page and its windows"
Repair,Reparar,"Equipment, the register, an item's page and its windows"
Tag out,Retirar de servicio,"Equipment, the register, an item's page and its windows"
Return to service,Devolver al servicio,"Equipment, the register, an item's page and its windows"
Move,Trasladar,"Equipment, the register, an item's page and its windows"
Retire,Dar de baja,"Equipment, the register, an item's page and its windows"
Edit equipment,Editar equipo,"Equipment, the register, an item's page and its windows"
Floor scrubber 2,Fregadora de pisos 2,"Equipment, the register, an item's page and its windows"
Auto scrubber,Fregadora automática,"Equipment, the register, an item's page and its windows"
Make,Marca,"Equipment, the register, an item's page and its windows"
Model,Modelo,"Equipment, the register, an item's page and its windows"
Serial number,Número de serie,"Equipment, the register, an item's page and its windows"
Bought on,Comprado el,"Equipment, the register, an item's page and its windows"
Service every (days),Servicio cada (días),"Equipment, the register, an item's page and its windows"
Last serviced on,Último servicio el,"Equipment, the register, an item's page and its windows"
"A whole number of days, 1 or more.","Un número entero de días, 1 o más.","Equipment, the register, an item's page and its windows"
Back to equipment,Volver al equipo,"Equipment, the register, an item's page and its windows"
Label code,Código de la etiqueta,"Equipment, the register, an item's page and its windows"
Retired on,Dado de baja el,"Equipment, the register, an item's page and its windows"
due,pendiente,"Equipment, the register, an item's page and its windows"
Nothing recorded yet.,Todavía no hay nada registrado.,"Equipment, the register, an item's page and its windows"
From {0} to {1},De {0} a {1},"Equipment, the register, an item's page and its windows"
Recorded.,Registrado.,"Equipment, the register, an item's page and its windows"
A tagged out item is out of service until it is returned. The site's supervisors and the admins are told.,Un artículo retirado de servicio queda fuera de servicio hasta que se devuelva. Se avisa a los supervisores del sitio y a los administradores.,"Equipment, the register, an item's page and its windows"
The next service moves {0} days on from today.,El próximo servicio pasa a {0} días a partir de hoy.,"Equipment, the register, an item's page and its windows"
Move to,Trasladar a,"Equipment, the register, an item's page and its windows"
What is wrong,Qué falla,"Equipment, the register, an item's page and its windows"
Required.,Obligatorio.,"Equipment, the register, an item's page and its windows"
"Retire {0}? It stays on the register, and nothing more can be recorded against it.",¿Dar de baja {0}? Se queda en el registro y ya no se puede registrar nada más para él.,"Equipment, the register, an item's page and its windows"
Periodic work,Trabajo periódico,"Sites, Periodic work, and the window that sets a start date"
"The weekly, monthly, quarterly and seasonal work on every site's checklist, and whether it is done this period. A row opens the site's checklist.","El trabajo semanal, mensual, trimestral y de temporada de la lista de cada sitio, y si está hecho en este período. Una fila abre la lista del sitio.","Sites, Periodic work, and the window that sets a start date"
All|periodic,Todo,"Sites, Periodic work, and the window that sets a start date"
Overdue|periodic,Vencido,"Sites, Periodic work, and the window that sets a start date"
Due|periodic,Pendiente,"Sites, Periodic work, and the window that sets a start date"
Done|periodic,Hecho,"Sites, Periodic work, and the window that sets a start date"
Last done,Última vez,"Sites, Periodic work, and the window that sets a start date"
By|done by,Por,"Sites, Periodic work, and the window that sets a start date"
Next due,Próximo vencimiento,"Sites, Periodic work, and the window that sets a start date"
Set start date,Fijar fecha de inicio,"Sites, Periodic work, and the window that sets a start date"
Nothing matches this filter.,Nada coincide con este filtro.,"Sites, Periodic work, and the window that sets a start date"
No periodic work on any checklist yet.,Todavía no hay trabajo periódico en ninguna lista.,"Sites, Periodic work, and the window that sets a start date"
Start date set.,Fecha de inicio fijada.,"Sites, Periodic work, and the window that sets a start date"
Every two weeks,Cada dos semanas,"Sites, Periodic work, and the window that sets a start date"
Seasonal,De temporada,"Sites, Periodic work, and the window that sets a start date"
The day its {0} period counts from. The next due day follows from it.,El día desde el que cuenta su período {0}. El próximo vencimiento se calcula a partir de él.,"Sites, Periodic work, and the window that sets a start date"
Start date,Fecha de inicio,"Sites, Periodic work, and the window that sets a start date"
Touchpoint,Punto de contacto frecuente,"Sites, a site's Tasks, the add and edit windows and a task's row"
High-touch surfaces disinfected on schedule. They print on the Disinfection Coverage Log.,Superficies de contacto frecuente desinfectadas según el horario. Se imprimen en el Registro de cobertura de desinfección.,"Sites, a site's Tasks, the add and edit windows and a task's row"
"Word, Excel and PowerPoint documents, CSV and text files, images and PDFs, up to 25 MB each.","Documentos de Word, Excel y PowerPoint, archivos CSV y de texto, imágenes y PDF, de hasta 25 MB cada uno.","Workspace, a project's Docs and Files, the line under the heading"
{0} checklist to print,{0} lista para imprimir,"Reports, a kept record, the checklists the range holds, when the count is one"
{0} checklists to print,{0} listas para imprimir,"Reports, a kept record, the checklists the range holds, when the count is more than one"
{0} log to print,{0} registro para imprimir,"Reports, a kept record, the coverage logs the range holds, when the count is one"
{0} logs to print,{0} registros para imprimir,"Reports, a kept record, the coverage logs the range holds, when the count is more than one"
{0} use logged,{0} uso registrado,"Reports, a kept record, the chemical uses the range holds, when the count is one"
{0} uses logged,{0} usos registrados,"Reports, a kept record, the chemical uses the range holds, when the count is more than one"
{0} issue recorded,{0} entrega registrada,"Reports, a kept record, the PPE issues the range holds, when the count is one"
{0} issues recorded,{0} entregas registradas,"Reports, a kept record, the PPE issues the range holds, when the count is more than one"
{0} person on the record,{0} persona en el registro,"Reports, a kept record, the people on the clearance record, when the count is one"
{0} people on the record,{0} personas en el registro,"Reports, a kept record, the people on the clearance record, when the count is more than one"
{0} inspection to print,{0} inspección para imprimir,"Reports, a kept record, the inspections the range holds, when the count is one"
{0} inspections to print,{0} inspecciones para imprimir,"Reports, a kept record, the inspections the range holds, when the count is more than one"
{0} session to print,{0} sesión para imprimir,"Reports, a kept record, the training sessions the range holds, when the count is one"
{0} sessions to print,{0} sesiones para imprimir,"Reports, a kept record, the training sessions the range holds, when the count is more than one"
Level,Nivel,"Kept records, the printed coverage log, the response levels"
Trigger,Causa,"Kept records, the printed coverage log, the response levels"
What This Log Must Show,Lo que este registro debe mostrar,"Kept records, the printed coverage log, the response levels"
Level 1,Nivel 1,"Kept records, the printed coverage log, the response levels"
Level 2,Nivel 2,"Kept records, the printed coverage log, the response levels"
Level 3,Nivel 3,"Kept records, the printed coverage log, the response levels"
Normal conditions,Condiciones normales,"Kept records, the printed coverage log, the response levels"
"Critical and standard touchpoints treated daily, recorded item by item in Sections 3 and 4","Puntos de contacto críticos y estándar tratados a diario, registrados uno por uno en las Secciones 3 y 4","Kept records, the printed coverage log, the response levels"
A customer report or a health authority report of raised illness at the site,Un reporte del cliente o de una autoridad de salud de más enfermedad en el sitio,"Kept records, the printed coverage log, the response levels"
"Critical touchpoints treated at least twice per service day, with both pass times recorded. Standard touchpoints daily. Affected areas prioritized in the round","Puntos de contacto críticos tratados al menos dos veces por día de servicio, con la hora de ambas pasadas registrada. Puntos de contacto estándar a diario. Áreas afectadas primero en la ronda","Kept records, the printed coverage log, the response levels"
"A customer or a health authority reports an outbreak, or a health authority directs a response","El cliente o una autoridad de salud reporta un brote, o una autoridad de salud ordena una respuesta","Kept records, the printed coverage log, the response levels"
Whole-room treatment recorded in Section 5. Critical touchpoints on every round. Dedicated equipment for affected areas. Daily written coverage report to the customer,Tratamiento de toda la sala registrado en la Sección 5. Puntos de contacto críticos en cada ronda. Equipo exclusivo para las áreas afectadas. Informe escrito diario de cobertura para el cliente,"Kept records, the printed coverage log, the response levels"
